IP 地址,已发送,已接收,丢包率,平均延迟,下载速度 (MB/s)
104.18.252.53,4,4,0.00,149.63,0.00
172.65.248.222,4,4,0.00,149.98,0.00
104.16.68.66,4,4,0.00,150.14,0.00
104.16.227.88,4,4,0.00,150.26,0.00
104.17.154.38,4,4,0.00,150.44,0.00
104.16.136.172,4,4,0.00,150.45,0.00
104.16.190.4,4,4,0.00,150.54,0.00
172.64.159.158,4,4,0.00,150.56,0.00
104.17.216.49,4,4,0.00,150.70,0.00
172.64.144.169,4,4,0.00,150.82,0.00
104.19.71.219,4,4,0.00,150.84,0.00
104.17.232.92,4,4,0.00,150.87,0.00
104.17.249.196,4,4,0.00,150.94,0.00
172.65.246.222,4,4,0.00,151.09,0.00
104.31.16.83,4,4,0.00,151.13,0.00
104.18.60.27,4,4,0.00,151.18,0.00
104.16.191.158,4,4,0.00,151.18,0.00
172.64.53.185,4,4,0.00,151.19,0.00
104.17.234.224,4,4,0.00,151.21,0.00
104.17.162.0,4,4,0.00,151.29,0.00
104.19.168.55,4,4,0.00,151.34,0.00
172.64.50.57,4,4,0.00,151.35,0.00
104.17.169.51,4,4,0.00,151.41,0.00
104.16.128.95,4,4,0.00,151.54,0.00
172.65.239.80,4,4,0.00,151.58,0.00
104.17.255.73,4,4,0.00,151.61,0.00
104.19.62.228,4,4,0.00,151.68,0.00
104.17.229.86,4,4,0.00,151.70,0.00
104.16.9.158,4,4,0.00,151.72,0.00
104.19.67.14,4,4,0.00,151.78,0.00
104.16.196.232,4,4,0.00,151.86,0.00
162.159.82.172,4,4,0.00,151.90,0.00
104.18.240.121,4,4,0.00,151.91,0.00
104.16.102.26,4,4,0.00,152.02,0.00
104.18.154.33,4,4,0.00,152.04,0.00
198.41.206.21,4,4,0.00,152.05,0.00
104.17.95.146,4,4,0.00,152.13,0.00
104.17.105.50,4,4,0.00,152.28,0.00
104.16.85.158,4,4,0.00,152.29,0.00
172.65.192.89,4,4,0.00,152.30,0.00
104.16.199.160,4,4,0.00,152.43,0.00
104.16.80.93,4,4,0.00,152.44,0.00
104.16.4.29,4,4,0.00,152.50,0.00
104.16.164.212,4,4,0.00,152.50,0.00
104.18.233.188,4,4,0.00,152.50,0.00
104.17.231.240,4,4,0.00,152.53,0.00
104.19.172.123,4,4,0.00,152.56,0.00
104.19.167.221,4,4,0.00,152.60,0.00
104.19.91.182,4,4,0.00,152.72,0.00
104.16.67.22,4,4,0.00,152.81,0.00
104.17.171.134,4,4,0.00,152.82,0.00
104.18.66.244,4,4,0.00,152.85,0.00
104.17.166.43,4,4,0.00,152.87,0.00
104.18.227.229,4,4,0.00,152.88,0.00
198.41.202.107,4,4,0.00,152.92,0.00
104.16.3.108,4,4,0.00,152.93,0.00
104.16.224.114,4,4,0.00,152.97,0.00
104.17.94.162,4,4,0.00,152.98,0.00
172.65.234.46,4,4,0.00,153.02,0.00
104.18.151.213,4,4,0.00,153.16,0.00
104.18.226.16,4,4,0.00,153.19,0.00
104.16.72.56,4,4,0.00,153.21,0.00
104.17.187.17,4,4,0.00,153.23,0.00
104.17.189.153,4,4,0.00,153.25,0.00
162.159.61.28,4,4,0.00,153.27,0.00
172.64.162.200,4,4,0.00,153.31,0.00
104.16.137.157,4,4,0.00,153.34,0.00
104.18.158.36,4,4,0.00,153.37,0.00
104.16.69.188,4,4,0.00,153.38,0.00
104.18.241.11,4,4,0.00,153.40,0.00
104.17.173.65,4,4,0.00,153.42,0.00
104.16.145.187,4,4,0.00,153.46,0.00
104.18.215.125,4,4,0.00,153.51,0.00
104.17.93.149,4,4,0.00,153.54,0.00
104.17.226.130,4,4,0.00,153.55,0.00
104.19.170.15,4,4,0.00,153.57,0.00
104.16.83.176,4,4,0.00,153.61,0.00
104.17.242.237,4,4,0.00,153.63,0.00
104.18.153.123,4,4,0.00,153.63,0.00
104.18.239.125,4,4,0.00,153.67,0.00
104.17.149.84,4,4,0.00,153.73,0.00
104.17.172.81,4,4,0.00,153.76,0.00
172.65.207.182,4,4,0.00,153.77,0.00
104.18.56.175,4,4,0.00,153.77,0.00
104.17.175.2,4,4,0.00,153.78,0.00
198.41.193.203,4,4,0.00,153.81,0.00
172.65.243.237,4,4,0.00,153.81,0.00
104.16.1.151,4,4,0.00,153.82,0.00
104.18.229.215,4,4,0.00,153.82,0.00
104.17.98.0,4,4,0.00,153.82,0.00
104.19.169.184,4,4,0.00,153.83,0.00
104.17.157.59,4,4,0.00,153.88,0.00
104.18.230.100,4,4,0.00,153.90,0.00
104.19.70.56,4,4,0.00,153.90,0.00
104.18.163.232,4,4,0.00,153.90,0.00
173.245.58.61,4,4,0.00,153.94,0.00
104.16.132.248,4,4,0.00,153.99,0.00
104.17.89.197,4,4,0.00,154.02,0.00
104.18.156.61,4,4,0.00,154.03,0.00
104.16.54.29,4,4,0.00,154.06,0.00
172.64.145.27,4,4,0.00,154.09,0.00
172.64.104.113,4,4,0.00,154.12,0.00
104.17.112.253,4,4,0.00,154.16,0.00
104.17.163.217,4,4,0.00,154.17,0.00
104.16.138.139,4,4,0.00,154.19,0.00
104.16.135.21,4,4,0.00,154.22,0.00
104.19.22.61,4,4,0.00,154.25,0.00
172.65.240.104,4,4,0.00,154.26,0.00
172.65.193.121,4,4,0.00,154.30,0.00
173.245.49.82,4,4,0.00,154.34,0.00
104.16.49.73,4,4,0.00,154.35,0.00
104.18.231.178,4,4,0.00,154.39,0.00
198.41.201.73,4,4,0.00,154.53,0.00
172.64.80.78,4,4,0.00,154.55,0.00
104.17.82.56,4,4,0.00,154.60,0.00
104.19.64.11,4,4,0.00,154.60,0.00
104.17.84.214,4,4,0.00,154.63,0.00
104.18.70.71,4,4,0.00,154.69,0.00
104.16.198.138,4,4,0.00,154.71,0.00
104.18.150.167,4,4,0.00,154.73,0.00
104.19.195.166,4,4,0.00,154.76,0.00
104.16.11.68,4,4,0.00,154.80,0.00
104.17.81.171,4,4,0.00,154.83,0.00
104.18.152.178,4,4,0.00,154.85,0.00
172.64.37.59,4,4,0.00,155.03,0.00
104.19.69.243,4,4,0.00,155.07,0.00
172.64.93.77,4,4,0.00,155.09,0.00
172.64.158.227,4,4,0.00,155.09,0.00
104.17.210.235,4,4,0.00,155.11,0.00
104.17.85.159,4,4,0.00,155.14,0.00
104.16.101.171,4,4,0.00,155.15,0.00
104.18.74.239,4,4,0.00,155.16,0.00
104.18.75.211,4,4,0.00,155.16,0.00
104.18.91.77,4,4,0.00,155.16,0.00
104.18.236.199,4,4,0.00,155.17,0.00
172.64.38.7,4,4,0.00,155.18,0.00
104.18.242.152,4,4,0.00,155.19,0.00
104.18.55.139,4,4,0.00,155.21,0.00
198.41.204.111,4,4,0.00,155.22,0.00
104.19.95.220,4,4,0.00,155.26,0.00
104.19.75.60,4,4,0.00,155.32,0.00
198.41.198.77,4,4,0.00,155.34,0.00
104.19.37.228,4,4,0.00,155.35,0.00
104.18.54.173,4,4,0.00,155.35,0.00
172.64.34.247,4,4,0.00,155.38,0.00
104.16.82.230,4,4,0.00,155.40,0.00
104.17.91.224,4,4,0.00,155.40,0.00
104.17.227.246,4,4,0.00,155.42,0.00
104.16.197.114,4,4,0.00,155.43,0.00
172.64.149.218,4,4,0.00,155.47,0.00
104.16.131.247,4,4,0.00,155.48,0.00
104.18.228.54,4,4,0.00,155.50,0.00
104.18.57.218,4,4,0.00,155.50,0.00
198.41.205.132,4,4,0.00,155.53,0.00
104.18.58.132,4,4,0.00,155.55,0.00
104.16.50.155,4,4,0.00,155.56,0.00
104.19.73.222,4,4,0.00,155.59,0.00
104.17.88.87,4,4,0.00,155.64,0.00
104.19.68.253,4,4,0.00,155.66,0.00
104.19.39.43,4,4,0.00,155.67,0.00
104.17.170.140,4,4,0.00,155.68,0.00
104.18.43.234,4,4,0.00,155.68,0.00
104.19.179.240,4,4,0.00,155.69,0.00
104.17.158.36,4,4,0.00,155.74,0.00
104.17.96.249,4,4,0.00,155.76,0.00
104.17.164.186,4,4,0.00,155.77,0.00
104.16.185.218,4,4,0.00,155.80,0.00
104.16.200.59,4,4,0.00,155.81,0.00
104.16.5.233,4,4,0.00,155.82,0.00
104.16.161.232,4,4,0.00,155.82,0.00
172.64.99.182,4,4,0.00,155.82,0.00
104.18.170.35,4,4,0.00,155.83,0.00
104.17.253.112,4,4,0.00,155.85,0.00
104.17.176.1,4,4,0.00,155.87,0.00
162.159.33.155,4,4,0.00,155.89,0.00
104.17.230.204,4,4,0.00,155.92,0.00
104.16.194.177,4,4,0.00,155.93,0.00
162.159.24.42,4,4,0.00,155.93,0.00
104.17.167.15,4,4,0.00,155.95,0.00
104.17.156.25,4,4,0.00,155.96,0.00
172.64.91.168,4,4,0.00,155.97,0.00
104.16.84.104,4,4,0.00,155.97,0.00
104.19.55.8,4,4,0.00,156.02,0.00
198.41.203.203,4,4,0.00,156.03,0.00
198.41.207.218,4,4,0.00,156.03,0.00
104.19.177.72,4,4,0.00,156.08,0.00
104.19.106.189,4,4,0.00,156.11,0.00
104.19.66.229,4,4,0.00,156.12,0.00
172.65.231.16,4,4,0.00,156.13,0.00
104.19.28.249,4,4,0.00,156.15,0.00
172.64.49.97,4,4,0.00,156.22,0.00
104.19.97.127,4,4,0.00,156.24,0.00
162.159.40.187,4,4,0.00,156.24,0.00
104.18.225.242,4,4,0.00,156.28,0.00
162.159.57.242,4,4,0.00,156.33,0.00
104.17.165.137,4,4,0.00,156.35,0.00
104.19.89.95,4,4,0.00,156.39,0.00
172.65.198.114,4,4,0.00,156.40,0.00
104.16.159.37,4,4,0.00,156.42,0.00
104.16.13.158,4,4,0.00,156.42,0.00
104.18.167.164,4,4,0.00,156.45,0.00
104.17.161.10,4,4,0.00,156.46,0.00
104.17.90.18,4,4,0.00,156.46,0.00
104.18.155.50,4,4,0.00,156.53,0.00
104.16.151.101,4,4,0.00,156.54,0.00
172.64.41.139,4,4,0.00,156.54,0.00
104.16.16.206,4,4,0.00,156.56,0.00
104.16.66.2,4,4,0.00,156.59,0.00
104.18.139.104,4,4,0.00,156.60,0.00
104.17.225.223,4,4,0.00,156.62,0.00
172.64.36.182,4,4,0.00,156.64,0.00
104.16.154.186,4,4,0.00,156.65,0.00
198.41.208.87,4,4,0.00,156.67,0.00
104.16.65.143,4,4,0.00,156.68,0.00
104.16.48.93,4,4,0.00,156.71,0.00
104.16.201.25,4,4,0.00,156.71,0.00
104.19.65.145,4,4,0.00,156.73,0.00
104.16.165.243,4,4,0.00,156.73,0.00
104.16.77.199,4,4,0.00,156.77,0.00
104.18.157.3,4,4,0.00,156.77,0.00
104.18.95.80,4,4,0.00,156.78,0.00
104.17.209.23,4,4,0.00,156.79,0.00
198.41.195.171,4,4,0.00,156.80,0.00
104.19.35.141,4,4,0.00,156.89,0.00
172.64.192.251,4,4,0.00,156.91,0.00
104.19.173.194,4,4,0.00,156.99,0.00
172.65.238.2,4,4,0.00,157.02,0.00
162.159.48.232,4,4,0.00,157.02,0.00
104.19.171.12,4,4,0.00,157.04,0.00
172.66.44.232,4,4,0.00,157.05,0.00
104.18.62.82,4,4,0.00,157.11,0.00
104.18.165.159,4,4,0.00,157.19,0.00
172.66.42.170,4,4,0.00,157.20,0.00
104.18.59.187,4,4,0.00,157.31,0.00
172.64.90.101,4,4,0.00,157.40,0.00
172.64.94.122,4,4,0.00,157.40,0.00
172.64.89.179,4,4,0.00,157.44,0.00
172.65.212.46,4,4,0.00,157.48,0.00
104.19.0.157,4,4,0.00,157.48,0.00
172.66.43.143,4,4,0.00,157.54,0.00
104.16.61.216,4,4,0.00,157.58,0.00
104.16.95.140,4,4,0.00,157.62,0.00
104.16.15.94,4,4,0.00,157.66,0.00
104.18.237.171,4,4,0.00,157.71,0.00
104.16.12.162,4,4,0.00,157.72,0.00
104.19.185.190,4,4,0.00,157.79,0.00
104.17.221.132,4,4,0.00,157.85,0.00
104.19.192.204,4,4,0.00,157.87,0.00
162.159.26.114,4,4,0.00,157.91,0.00
104.16.133.155,4,4,0.00,157.95,0.00
172.64.160.45,4,4,0.00,157.97,0.00
104.16.134.94,4,4,0.00,157.98,0.00
104.16.147.57,4,4,0.00,158.03,0.00
104.18.169.184,4,4,0.00,158.08,0.00
104.18.177.174,4,4,0.00,158.13,0.00
162.159.60.131,4,4,0.00,158.15,0.00
162.159.49.184,4,4,0.00,158.16,0.00
104.17.87.195,4,4,0.00,158.18,0.00
104.17.83.168,4,4,0.00,158.18,0.00
104.16.2.99,4,4,0.00,158.21,0.00
104.16.71.42,4,4,0.00,158.24,0.00
104.17.223.188,4,4,0.00,158.27,0.00
104.19.176.5,4,4,0.00,158.29,0.00
104.16.10.224,4,4,0.00,158.32,0.00
104.16.6.8,4,4,0.00,158.32,0.00
104.17.228.195,4,4,0.00,158.34,0.00
162.159.32.243,4,4,0.00,158.42,0.00
104.17.101.108,4,4,0.00,158.43,0.00
141.101.90.7,4,4,0.00,158.44,0.00
172.64.194.105,4,4,0.00,158.45,0.00
172.64.33.130,4,4,0.00,158.45,0.00
172.64.32.70,4,4,0.00,158.45,0.00
172.64.88.105,4,4,0.00,158.49,0.00
104.19.36.8,4,4,0.00,158.51,0.00
104.16.193.199,4,4,0.00,158.60,0.00
104.19.175.23,4,4,0.00,158.73,0.00
104.17.224.30,4,4,0.00,158.79,0.00
104.18.2.247,4,4,0.00,158.84,0.00
104.17.168.166,4,4,0.00,158.87,0.00
104.19.72.49,4,4,0.00,158.97,0.00
104.19.148.26,4,4,0.00,158.97,0.00
104.19.33.195,4,4,0.00,159.00,0.00
172.64.105.102,4,4,0.00,159.02,0.00
104.17.79.169,4,4,0.00,159.19,0.00
198.41.214.158,4,4,0.00,159.22,0.00
104.18.238.33,4,4,0.00,159.25,0.00
104.16.153.55,4,4,0.00,159.26,0.00
172.64.35.234,4,4,0.00,159.26,0.00
104.17.254.225,4,4,0.00,159.30,0.00
104.17.186.170,4,4,0.00,159.31,0.00
104.19.163.32,4,4,0.00,159.39,0.00
172.64.155.186,4,4,0.00,159.39,0.00
104.18.211.204,4,4,0.00,159.40,0.00
104.18.232.231,4,4,0.00,159.40,0.00
104.19.181.66,4,4,0.00,159.43,0.00
172.64.48.127,4,4,0.00,159.49,0.00
104.19.174.173,4,4,0.00,159.53,0.00
104.17.159.27,4,4,0.00,159.62,0.00
104.17.155.142,4,4,0.00,159.63,0.00
104.16.106.237,4,4,0.00,159.63,0.00
104.16.14.82,4,4,0.00,159.66,0.00
172.64.47.174,4,4,0.00,159.82,0.00
172.64.92.9,4,4,0.00,159.85,0.00
104.16.160.123,4,4,0.00,159.93,0.00
104.19.63.101,4,4,0.00,159.95,0.00
104.17.86.87,4,4,0.00,159.95,0.00
104.16.216.3,4,4,0.00,159.96,0.00
104.16.170.246,4,4,0.00,159.97,0.00
162.159.27.78,4,4,0.00,160.03,0.00
172.65.220.210,4,4,0.00,160.04,0.00
172.66.0.20,4,4,0.00,160.05,0.00
104.19.178.90,4,4,0.00,160.12,0.00
172.64.201.223,4,4,0.00,160.18,0.00
104.18.67.82,4,4,0.00,160.29,0.00
104.18.234.98,4,4,0.00,160.40,0.00
162.159.50.36,4,4,0.00,160.44,0.00
104.17.233.64,4,4,0.00,160.46,0.00
172.64.52.70,4,4,0.00,160.47,0.00
172.67.38.199,4,4,0.00,160.49,0.00
104.17.222.219,4,4,0.00,160.53,0.00
104.16.74.47,4,4,0.00,160.61,0.00
104.18.63.136,4,4,0.00,160.62,0.00
104.16.208.235,4,4,0.00,160.64,0.00
104.22.49.32,4,4,0.00,160.69,0.00
104.18.101.223,4,4,0.00,160.71,0.00
172.67.43.190,4,4,0.00,160.71,0.00
172.64.142.149,4,4,0.00,160.87,0.00
104.17.126.159,4,4,0.00,160.95,0.00
104.16.231.143,4,4,0.00,160.96,0.00
172.64.46.28,4,4,0.00,161.09,0.00
104.19.82.239,4,4,0.00,161.17,0.00
172.64.197.53,4,4,0.00,161.25,0.00
173.245.59.76,4,4,0.00,161.33,0.00
172.64.86.140,4,4,0.00,161.39,0.00
172.64.143.41,4,4,0.00,161.43,0.00
172.64.110.238,4,4,0.00,161.49,0.00
104.17.160.72,4,4,0.00,161.51,0.00
172.66.47.84,4,4,0.00,161.57,0.00
190.93.245.41,4,4,0.00,161.61,0.00
172.64.102.236,4,4,0.00,161.68,0.00
162.159.58.109,4,4,0.00,161.68,0.00
104.18.235.218,4,4,0.00,161.76,0.00
198.41.219.83,4,4,0.00,161.79,0.00
104.19.43.22,4,4,0.00,161.80,0.00
104.16.39.245,4,4,0.00,161.96,0.00
104.16.127.245,4,4,0.00,161.98,0.00
172.64.84.97,4,4,0.00,161.99,0.00
198.41.223.244,4,4,0.00,162.04,0.00
104.18.247.254,4,4,0.00,162.05,0.00
172.64.163.216,4,4,0.00,162.08,0.00
104.22.58.25,4,4,0.00,162.13,0.00
104.17.75.19,4,4,0.00,162.15,0.00
172.64.96.192,4,4,0.00,162.32,0.00
104.17.238.103,4,4,0.00,162.41,0.00
104.17.40.85,4,4,0.00,162.41,0.00
104.17.27.104,4,4,0.00,162.41,0.00
104.16.93.167,4,4,0.00,162.44,0.00
162.159.46.158,4,4,0.00,162.54,0.00
162.159.38.144,4,4,0.00,162.54,0.00
172.64.95.112,4,4,0.00,162.55,0.00
172.67.20.252,4,4,0.00,162.66,0.00
172.64.87.35,4,4,0.00,162.73,0.00
104.22.57.129,4,4,0.00,162.75,0.00
172.64.98.183,4,4,0.00,162.82,0.00
104.16.24.175,4,4,0.00,162.86,0.00
172.64.133.2,4,4,0.00,162.90,0.00
104.19.151.13,4,4,0.00,162.90,0.00
104.19.153.125,4,4,0.00,162.90,0.00
172.64.111.63,4,4,0.00,162.94,0.00
198.41.199.169,4,4,0.00,162.99,0.00
198.41.196.170,4,4,0.00,162.99,0.00
104.17.220.195,4,4,0.00,163.03,0.00
104.19.219.241,4,4,0.00,163.05,0.00
104.18.31.65,4,4,0.00,163.12,0.00
104.17.119.68,4,4,0.00,163.14,0.00
104.18.16.146,4,4,0.00,163.16,0.00
104.19.253.235,4,4,0.00,163.18,0.00
104.22.60.51,4,4,0.00,163.19,0.00
172.64.97.83,4,4,0.00,163.20,0.00
172.64.128.235,4,4,0.00,163.22,0.00
104.22.48.135,4,4,0.00,163.25,0.00
104.16.195.84,4,4,0.00,163.27,0.00
104.16.28.107,4,4,0.00,163.32,0.00
104.22.53.108,4,4,0.00,163.37,0.00
104.16.38.154,4,4,0.00,163.38,0.00
198.41.221.161,4,4,0.00,163.45,0.00
172.64.154.86,4,4,0.00,163.49,0.00
104.19.254.71,4,4,0.00,163.50,0.00
198.41.192.5,4,4,0.00,163.58,0.00
104.18.135.8,4,4,0.00,163.62,0.00
172.64.101.29,4,4,0.00,163.64,0.00
104.16.44.211,4,4,0.00,163.69,0.00
172.64.161.246,4,4,0.00,163.73,0.00
198.41.209.83,4,4,0.00,163.91,0.00
104.19.251.124,4,4,0.00,163.93,0.00
172.64.40.149,4,4,0.00,163.93,0.00
172.65.88.36,4,4,0.00,163.94,0.00
198.41.197.116,4,4,0.00,164.20,0.00
198.41.217.168,4,4,0.00,164.20,0.00
104.16.217.227,4,4,0.00,164.20,0.00
172.64.129.178,4,4,0.00,164.22,0.00
190.93.246.103,4,4,0.00,164.27,0.00
172.64.138.48,4,4,0.00,164.42,0.00
104.16.40.82,4,4,0.00,164.57,0.00
104.17.77.200,4,4,0.00,164.57,0.00
104.19.86.36,4,4,0.00,164.73,0.00
190.93.244.130,4,4,0.00,164.76,0.00
172.65.82.45,4,4,0.00,164.77,0.00
172.64.109.36,4,4,0.00,164.88,0.00
103.21.244.152,4,4,0.00,164.89,0.00
190.93.247.13,4,4,0.00,164.89,0.00
172.64.199.179,4,4,0.00,164.93,0.00
162.159.255.111,4,4,0.00,164.99,0.00
104.21.234.182,4,4,0.00,165.07,0.00
172.64.42.213,4,4,0.00,165.07,0.00
198.41.194.233,4,4,0.00,165.35,0.00
104.19.252.149,4,4,0.00,165.41,0.00
172.64.100.129,4,4,0.00,165.46,0.00
104.16.45.214,4,4,0.00,165.52,0.00
104.18.248.41,4,4,0.00,165.58,0.00
108.162.193.114,4,4,0.00,165.59,0.00
104.19.255.105,4,4,0.00,165.61,0.00
104.22.52.169,4,4,0.00,165.69,0.00
172.64.206.92,4,4,0.00,165.73,0.00
104.18.93.202,4,4,0.00,165.81,0.00
104.22.50.198,4,4,0.00,165.83,0.00
104.18.24.153,4,4,0.00,165.90,0.00
172.64.82.106,4,4,0.00,165.93,0.00
104.16.212.20,4,4,0.00,165.98,0.00
198.41.215.231,4,4,0.00,166.06,0.00
198.41.211.254,4,4,0.00,166.06,0.00
162.159.136.158,4,4,0.00,166.14,0.00
162.159.129.57,4,4,0.00,166.14,0.00
104.21.237.200,4,4,0.00,166.34,0.00
104.16.114.17,4,4,0.00,166.39,0.00
104.19.79.12,4,4,0.00,166.39,0.00
104.16.43.226,4,4,0.00,166.41,0.00
104.16.32.45,4,4,0.00,166.46,0.00
162.159.44.67,4,4,0.00,166.47,0.00
141.101.123.67,4,4,0.00,166.50,0.00
104.16.42.82,4,4,0.00,166.53,0.00
104.21.238.81,4,4,0.00,166.57,0.00
104.17.135.30,4,4,0.00,166.63,0.00
104.16.124.137,4,4,0.00,166.67,0.00
104.22.51.152,4,4,0.00,166.72,0.00
172.67.31.13,4,4,0.00,166.83,0.00
108.162.192.142,4,4,0.00,166.93,0.00
172.67.25.127,4,4,0.00,167.04,0.00
172.64.200.195,4,4,0.00,167.06,0.00
172.67.39.33,4,4,0.00,167.10,0.00
172.64.81.57,4,4,0.00,167.46,0.00
104.17.11.108,4,4,0.00,167.64,0.00
172.67.29.20,4,4,0.00,167.81,0.00
172.64.167.88,4,4,0.00,167.88,0.00
172.64.83.93,4,4,0.00,167.94,0.00
104.19.229.91,4,4,0.00,168.04,0.00
104.22.61.37,4,4,0.00,168.20,0.00
104.18.96.66,4,4,0.00,168.24,0.00
104.21.226.177,4,4,0.00,168.24,0.00
162.159.137.183,4,4,0.00,168.45,0.00
172.64.85.29,4,4,0.00,168.49,0.00
172.64.68.215,4,4,0.00,168.53,0.00
172.64.140.93,4,4,0.00,168.53,0.00
172.67.41.215,4,4,0.00,168.55,0.00
162.159.152.136,4,4,0.00,168.67,0.00
172.64.106.124,4,4,0.00,168.71,0.00
172.64.169.234,4,4,0.00,168.98,0.00
104.16.36.59,4,4,0.00,169.00,0.00
104.19.128.211,4,4,0.00,169.09,0.00
172.64.130.33,4,4,0.00,169.12,0.00
172.64.103.114,4,4,0.00,169.32,0.00
104.18.142.170,4,4,0.00,169.60,0.00
162.159.239.168,4,4,0.00,169.81,0.00
104.17.78.132,4,4,0.00,169.93,0.00
172.64.108.195,4,4,0.00,169.99,0.00
172.64.173.155,4,4,0.00,170.43,0.00
172.64.69.1,4,4,0.00,170.49,0.00
104.16.210.227,4,4,0.00,170.50,0.00
172.67.18.95,4,4,0.00,170.54,0.00
172.67.16.7,4,4,0.00,170.87,0.00
162.159.134.193,4,4,0.00,170.99,0.00
104.16.41.150,4,4,0.00,171.16,0.00
104.19.243.74,4,4,0.00,171.52,0.00
104.19.246.179,4,4,0.00,171.78,0.00
162.159.143.219,4,4,0.00,172.22,0.00
162.159.130.116,4,4,0.00,172.22,0.00
108.162.195.119,4,4,0.00,173.39,0.00
172.64.107.22,4,4,0.00,173.51,0.00
141.101.121.189,4,4,0.00,174.20,0.00
108.162.196.88,4,4,0.00,174.35,0.00
162.159.11.195,4,4,0.00,174.48,0.00
104.18.90.202,4,4,0.00,175.02,0.00
162.159.0.180,4,4,0.00,175.07,0.00
141.101.115.65,4,4,0.00,175.24,0.00
141.101.122.241,4,4,0.00,175.43,0.00
141.101.114.247,4,4,0.00,175.94,0.00
141.101.120.157,4,4,0.00,175.94,0.00
104.16.209.228,4,4,0.00,176.03,0.00
108.162.198.91,4,4,0.00,176.34,0.00
162.159.140.159,4,4,0.00,176.45,0.00
108.162.194.162,4,4,0.00,176.52,0.00
104.19.139.136,4,4,0.00,177.49,0.00
162.159.141.62,4,4,0.00,177.63,0.00
162.159.21.112,4,4,0.00,178.75,0.00
104.18.118.49,4,4,0.00,178.82,0.00
104.18.125.216,4,4,0.00,179.23,0.00
162.159.142.161,4,4,0.00,180.55,0.00
162.159.250.154,4,4,0.00,181.31,0.00
162.159.135.188,4,4,0.00,181.36,0.00
104.18.119.202,4,4,0.00,181.72,0.00
104.18.121.196,4,4,0.00,181.72,0.00
172.64.78.53,4,4,0.00,189.27,0.00
172.67.249.10,4,4,0.00,192.08,0.00
172.67.250.3,4,4,0.00,192.70,0.00
172.67.203.4,4,4,0.00,193.20,0.00
172.67.167.62,4,4,0.00,193.60,0.00
172.67.231.48,4,4,0.00,196.14,0.00
172.67.187.250,4,4,0.00,196.64,0.00
172.67.253.166,4,4,0.00,197.26,0.00
104.21.17.67,4,4,0.00,198.96,0.00
104.21.82.83,4,4,0.00,199.37,0.00
172.65.41.205,4,4,0.00,199.43,0.00
172.67.208.96,4,4,0.00,199.93,0.00
104.21.213.108,4,4,0.00,200.38,0.00
172.67.243.139,4,4,0.00,201.57,0.00
172.65.38.93,4,4,0.00,202.24,0.00
104.21.54.54,4,4,0.00,202.54,0.00
104.21.51.186,4,4,0.00,202.60,0.00
172.65.55.186,4,4,0.00,203.12,0.00
172.65.54.122,4,4,0.00,203.87,0.00
172.67.204.239,4,4,0.00,204.12,0.00
172.67.206.150,4,4,0.00,204.37,0.00
172.65.2.143,4,4,0.00,204.69,0.00
104.21.73.117,4,4,0.00,204.84,0.00
104.21.11.35,4,4,0.00,205.05,0.00
104.21.75.61,4,4,0.00,205.30,0.00
172.67.245.21,4,4,0.00,205.63,0.00
172.67.247.226,4,4,0.00,205.90,0.00
104.21.22.57,4,4,0.00,205.91,0.00
172.67.207.108,4,4,0.00,206.12,0.00
172.67.236.181,4,4,0.00,206.34,0.00
104.21.27.74,4,4,0.00,207.01,0.00
172.67.230.240,4,4,0.00,207.08,0.00
172.65.42.6,4,4,0.00,207.24,0.00
172.67.224.73,4,4,0.00,207.50,0.00
172.65.40.84,4,4,0.00,207.75,0.00
104.21.95.92,4,4,0.00,207.80,0.00
172.67.248.132,4,4,0.00,208.81,0.00
104.25.24.218,4,4,0.00,209.26,0.00
172.67.235.163,4,4,0.00,209.75,0.00
104.21.19.221,4,4,0.00,209.76,0.00
172.67.106.83,4,4,0.00,209.95,0.00
172.67.152.81,4,4,0.00,209.99,0.00
172.65.20.120,4,4,0.00,210.18,0.00
104.21.93.70,4,4,0.00,210.73,0.00
104.21.68.2,4,4,0.00,210.89,0.00
104.21.60.189,4,4,0.00,210.95,0.00
172.67.237.156,4,4,0.00,210.98,0.00
172.67.238.169,4,4,0.00,211.10,0.00
104.21.194.226,4,4,0.00,211.23,0.00
104.21.125.43,4,4,0.00,211.26,0.00
172.67.251.248,4,4,0.00,211.71,0.00
104.21.1.51,4,4,0.00,211.72,0.00
172.65.134.198,4,4,0.00,211.97,0.00
104.21.78.223,4,4,0.00,212.01,0.00
172.67.227.159,4,4,0.00,212.18,0.00
104.21.52.43,4,4,0.00,212.19,0.00
172.67.179.249,4,4,0.00,212.30,0.00
172.67.176.163,4,4,0.00,212.37,0.00
172.67.242.100,4,4,0.00,212.44,0.00
104.27.88.164,4,4,0.00,212.48,0.00
172.67.153.249,4,4,0.00,212.48,0.00
172.67.6.135,4,4,0.00,212.71,0.00
104.21.61.100,4,4,0.00,212.82,0.00
104.23.106.115,4,4,0.00,212.89,0.00
172.65.36.156,4,4,0.00,212.89,0.00
104.20.137.217,4,4,0.00,213.02,0.00
172.67.192.156,4,4,0.00,213.03,0.00
104.21.0.247,4,4,0.00,213.04,0.00
104.27.73.201,4,4,0.00,213.07,0.00
172.67.239.79,4,4,0.00,213.16,0.00
104.21.9.240,4,4,0.00,213.33,0.00
104.21.91.69,4,4,0.00,213.43,0.00
104.21.29.96,4,4,0.00,213.51,0.00
104.27.106.126,4,4,0.00,213.59,0.00
172.67.229.207,4,4,0.00,213.64,0.00
104.20.2.229,4,4,0.00,213.67,0.00
104.21.14.237,4,4,0.00,213.78,0.00
104.21.81.101,4,4,0.00,213.83,0.00
172.67.186.182,4,4,0.00,213.95,0.00
104.25.47.217,4,4,0.00,214.10,0.00
104.21.72.4,4,4,0.00,214.37,0.00
104.21.2.194,4,4,0.00,214.42,0.00
172.65.34.105,4,4,0.00,214.48,0.00
104.21.94.65,4,4,0.00,214.54,0.00
104.20.18.7,4,4,0.00,214.72,0.00
104.22.2.132,4,4,0.00,214.99,0.00
104.24.38.45,4,4,0.00,215.04,0.00
104.21.3.138,4,4,0.00,215.20,0.00
172.67.254.82,4,4,0.00,215.23,0.00
172.66.202.42,4,4,0.00,215.29,0.00
172.67.91.133,4,4,0.00,215.34,0.00
104.25.102.6,4,4,0.00,215.39,0.00
104.21.62.196,4,4,0.00,215.42,0.00
104.22.67.162,4,4,0.00,215.45,0.00
172.67.252.245,4,4,0.00,215.56,0.00
104.22.68.149,4,4,0.00,215.63,0.00
104.24.20.14,4,4,0.00,215.65,0.00
172.67.225.116,4,4,0.00,215.77,0.00
172.67.4.188,4,4,0.00,215.81,0.00
104.24.230.70,4,4,0.00,215.82,0.00
172.66.172.126,4,4,0.00,215.87,0.00
172.65.138.169,4,4,0.00,215.90,0.00
162.159.83.123,4,4,0.00,216.03,0.00
172.66.171.48,4,4,0.00,216.10,0.00
104.24.254.241,4,4,0.00,216.28,0.00
172.65.151.56,4,4,0.00,216.29,0.00
104.25.194.196,4,4,0.00,216.39,0.00
104.27.27.42,4,4,0.00,216.51,0.00
104.23.127.238,4,4,0.00,216.64,0.00
104.27.78.217,4,4,0.00,216.67,0.00
172.65.168.72,4,4,0.00,216.83,0.00
172.65.103.146,4,4,0.00,216.84,0.00
104.27.3.59,4,4,0.00,216.85,0.00
172.66.147.156,4,4,0.00,216.85,0.00
104.27.63.193,4,4,0.00,216.86,0.00
104.20.49.234,4,4,0.00,216.92,0.00
104.23.117.68,4,4,0.00,216.95,0.00
172.67.241.165,4,4,0.00,216.99,0.00
104.27.87.228,4,4,0.00,217.05,0.00
104.24.233.199,4,4,0.00,217.16,0.00
104.25.16.85,4,4,0.00,217.24,0.00
104.21.32.162,4,4,0.00,217.44,0.00
104.21.42.52,4,4,0.00,217.44,0.00
172.65.159.134,4,4,0.00,217.48,0.00
104.23.114.99,4,4,0.00,217.55,0.00
104.25.126.145,4,4,0.00,217.63,0.00
104.25.43.233,4,4,0.00,217.65,0.00
104.24.29.225,4,4,0.00,217.66,0.00
104.21.58.214,4,4,0.00,217.69,0.00
104.24.45.192,4,4,0.00,217.76,0.00
172.67.87.147,4,4,0.00,217.77,0.00
104.25.174.206,4,4,0.00,217.77,0.00
172.66.194.59,4,4,0.00,217.78,0.00
104.27.15.188,4,4,0.00,217.81,0.00
104.27.36.103,4,4,0.00,217.82,0.00
104.20.98.55,4,4,0.00,217.94,0.00
104.24.68.241,4,4,0.00,217.99,0.00
104.24.227.160,4,4,0.00,218.00,0.00
104.20.174.17,4,4,0.00,218.02,0.00
104.27.107.141,4,4,0.00,218.05,0.00
172.65.167.137,4,4,0.00,218.05,0.00
172.66.176.212,4,4,0.00,218.11,0.00
104.25.150.101,4,4,0.00,218.16,0.00
104.20.23.165,4,4,0.00,218.16,0.00
104.25.23.201,4,4,0.00,218.18,0.00
104.20.105.146,4,4,0.00,218.30,0.00
104.27.49.86,4,4,0.00,218.31,0.00
104.20.75.253,4,4,0.00,218.36,0.00
104.21.77.60,4,4,0.00,218.38,0.00
104.20.72.200,4,4,0.00,218.49,0.00
104.24.57.211,4,4,0.00,218.50,0.00
104.20.212.72,4,4,0.00,218.63,0.00
104.24.93.96,4,4,0.00,218.72,0.00
104.22.70.230,4,4,0.00,218.73,0.00
104.24.240.17,4,4,0.00,218.91,0.00
172.65.53.95,4,4,0.00,218.94,0.00
172.65.22.1,4,4,0.00,218.95,0.00
104.20.12.18,4,4,0.00,219.04,0.00
172.65.139.216,4,4,0.00,219.09,0.00
172.66.214.29,4,4,0.00,219.10,0.00
104.27.68.125,4,4,0.00,219.10,0.00
104.25.207.178,4,4,0.00,219.20,0.00
104.24.212.144,4,4,0.00,219.21,0.00
104.20.175.41,4,4,0.00,219.26,0.00
104.20.60.27,4,4,0.00,219.30,0.00
104.24.35.135,4,4,0.00,219.36,0.00
104.21.211.109,4,4,0.00,219.39,0.00
172.67.14.195,4,4,0.00,219.46,0.00
104.25.236.220,4,4,0.00,219.46,0.00
104.27.56.201,4,4,0.00,219.48,0.00
104.20.87.118,4,4,0.00,219.59,0.00
104.20.1.249,4,4,0.00,219.62,0.00
172.66.177.30,4,4,0.00,219.66,0.00
104.21.59.199,4,4,0.00,219.73,0.00
172.67.62.76,4,4,0.00,219.74,0.00
104.25.104.148,4,4,0.00,219.78,0.00
104.21.47.206,4,4,0.00,219.80,0.00
104.20.242.216,4,4,0.00,219.82,0.00
104.24.7.108,4,4,0.00,220.02,0.00
104.20.95.86,4,4,0.00,220.05,0.00
104.25.36.96,4,4,0.00,220.05,0.00
172.67.8.5,4,4,0.00,220.05,0.00
104.24.152.181,4,4,0.00,220.06,0.00
104.25.230.76,4,4,0.00,220.27,0.00
104.20.99.122,4,4,0.00,220.28,0.00
104.20.187.84,4,4,0.00,220.29,0.00
104.27.51.188,4,4,0.00,220.35,0.00
104.27.86.241,4,4,0.00,220.47,0.00
104.22.1.145,4,4,0.00,220.48,0.00
104.24.30.25,4,4,0.00,220.53,0.00
104.27.14.74,4,4,0.00,220.53,0.00
104.27.52.246,4,4,0.00,220.55,0.00
162.159.35.92,4,4,0.00,220.58,0.00
104.20.3.84,4,4,0.00,220.61,0.00
104.23.133.215,4,4,0.00,220.74,0.00
172.65.108.238,4,4,0.00,220.81,0.00
104.20.66.253,4,4,0.00,220.84,0.00
104.27.35.129,4,4,0.00,220.84,0.00
172.67.93.225,4,4,0.00,220.94,0.00
104.24.6.49,4,4,0.00,220.99,0.00
172.66.216.116,4,4,0.00,221.01,0.00
172.66.212.8,4,4,0.00,221.01,0.00
104.20.170.82,4,4,0.00,221.12,0.00
172.67.255.204,4,4,0.00,221.23,0.00
104.21.127.254,4,4,0.00,221.25,0.00
104.25.20.44,4,4,0.00,221.26,0.00
172.66.206.186,4,4,0.00,221.36,0.00
104.25.155.95,4,4,0.00,221.36,0.00
104.25.127.64,4,4,0.00,221.40,0.00
188.114.96.185,4,4,0.00,221.41,0.00
104.25.124.176,4,4,0.00,221.44,0.00
104.27.85.33,4,4,0.00,221.48,0.00
104.24.203.111,4,4,0.00,221.51,0.00
104.22.5.171,4,4,0.00,221.60,0.00
172.66.142.237,4,4,0.00,221.62,0.00
104.24.28.170,4,4,0.00,221.64,0.00
104.24.69.79,4,4,0.00,221.67,0.00
104.25.234.185,4,4,0.00,221.68,0.00
104.24.1.43,4,4,0.00,221.71,0.00
172.66.192.215,4,4,0.00,221.74,0.00
104.24.36.231,4,4,0.00,221.81,0.00
172.66.199.181,4,4,0.00,221.81,0.00
104.20.61.226,4,4,0.00,221.82,0.00
104.24.131.86,4,4,0.00,221.86,0.00
172.67.98.221,4,4,0.00,221.92,0.00
104.20.192.237,4,4,0.00,221.94,0.00
104.25.161.157,4,4,0.00,221.99,0.00
104.24.53.122,4,4,0.00,222.06,0.00
104.25.93.32,4,4,0.00,222.07,0.00
172.65.130.220,4,4,0.00,222.08,0.00
104.25.98.84,4,4,0.00,222.10,0.00
104.27.32.79,4,4,0.00,222.11,0.00
104.25.1.46,4,4,0.00,222.14,0.00
172.65.169.47,4,4,0.00,222.17,0.00
172.65.181.90,4,4,0.00,222.23,0.00
172.67.88.172,4,4,0.00,222.24,0.00
104.20.178.105,4,4,0.00,222.24,0.00
172.65.119.110,4,4,0.00,222.28,0.00
104.24.149.8,4,4,0.00,222.28,0.00
104.20.27.21,4,4,0.00,222.28,0.00
104.27.18.163,4,4,0.00,222.33,0.00
104.27.34.35,4,4,0.00,222.36,0.00
104.22.72.3,4,4,0.00,222.40,0.00
104.20.249.50,4,4,0.00,222.45,0.00
104.26.10.192,4,4,0.00,222.57,0.00
104.20.36.172,4,4,0.00,222.66,0.00
104.20.131.239,4,4,0.00,222.71,0.00
172.65.126.215,4,4,0.00,222.74,0.00
104.25.202.90,4,4,0.00,222.78,0.00
104.25.175.89,4,4,0.00,222.79,0.00
172.66.196.130,4,4,0.00,222.81,0.00
104.20.194.29,4,4,0.00,222.83,0.00
172.67.10.212,4,4,0.00,222.87,0.00
172.66.138.179,4,4,0.00,222.91,0.00
104.25.204.173,4,4,0.00,223.01,0.00
104.27.122.103,4,4,0.00,223.10,0.00
104.23.132.35,4,4,0.00,223.26,0.00
172.67.5.30,4,4,0.00,223.27,0.00
172.66.132.190,4,4,0.00,223.35,0.00
104.25.48.23,4,4,0.00,223.35,0.00
104.27.1.15,4,4,0.00,223.39,0.00
104.25.26.194,4,4,0.00,223.42,0.00
104.25.10.169,4,4,0.00,223.48,0.00
104.25.186.12,4,4,0.00,223.48,0.00
104.24.250.44,4,4,0.00,223.48,0.00
172.66.197.120,4,4,0.00,223.49,0.00
104.24.27.172,4,4,0.00,223.49,0.00
172.65.190.90,4,4,0.00,223.53,0.00
104.23.102.150,4,4,0.00,223.53,0.00
104.25.18.250,4,4,0.00,223.64,0.00
172.65.112.78,4,4,0.00,223.70,0.00
172.67.11.145,4,4,0.00,223.71,0.00
104.21.15.37,4,4,0.00,223.77,0.00
104.24.247.79,4,4,0.00,223.81,0.00
104.25.133.180,4,4,0.00,223.82,0.00
172.65.65.196,4,4,0.00,223.84,0.00
104.20.122.83,4,4,0.00,224.03,0.00
172.65.107.120,4,4,0.00,224.21,0.00
104.24.184.188,4,4,0.00,224.31,0.00
172.66.209.26,4,4,0.00,224.33,0.00
104.20.183.12,4,4,0.00,224.37,0.00
104.24.71.25,4,4,0.00,224.41,0.00
104.23.129.74,4,4,0.00,224.41,0.00
104.25.64.226,4,4,0.00,224.42,0.00
104.22.71.71,4,4,0.00,224.49,0.00
104.27.10.1,4,4,0.00,224.49,0.00
104.23.136.225,4,4,0.00,224.54,0.00
172.65.114.114,4,4,0.00,224.60,0.00
104.20.165.98,4,4,0.00,224.65,0.00
104.27.77.156,4,4,0.00,224.76,0.00
104.27.48.12,4,4,0.00,224.76,0.00
172.65.100.44,4,4,0.00,224.78,0.00
104.25.166.188,4,4,0.00,224.84,0.00
104.20.13.88,4,4,0.00,224.94,0.00
172.67.64.85,4,4,0.00,225.01,0.00
172.66.151.25,4,4,0.00,225.03,0.00
104.23.103.212,4,4,0.00,225.05,0.00
172.65.171.63,4,4,0.00,225.14,0.00
104.23.139.29,4,4,0.00,225.15,0.00
104.25.191.65,4,4,0.00,225.18,0.00
172.66.135.54,4,4,0.00,225.21,0.00
172.66.161.245,4,4,0.00,225.21,0.00
172.67.107.254,4,4,0.00,225.22,0.00
104.24.40.22,4,4,0.00,225.29,0.00
172.66.145.17,4,4,0.00,225.32,0.00
104.23.113.55,4,4,0.00,225.34,0.00
104.25.50.29,4,4,0.00,225.56,0.00
172.65.71.206,4,4,0.00,225.56,0.00
172.66.159.45,4,4,0.00,225.59,0.00
104.23.99.83,4,4,0.00,225.60,0.00
104.22.15.174,4,4,0.00,225.66,0.00
104.25.110.12,4,4,0.00,225.72,0.00
104.27.20.105,4,4,0.00,225.75,0.00
104.27.19.252,4,4,0.00,225.88,0.00
172.65.99.102,4,4,0.00,225.89,0.00
104.26.13.248,4,4,0.00,225.97,0.00
104.24.5.233,4,4,0.00,225.99,0.00
104.25.41.221,4,4,0.00,226.01,0.00
104.27.104.71,4,4,0.00,226.05,0.00
104.27.69.93,4,4,0.00,226.11,0.00
104.25.182.189,4,4,0.00,226.14,0.00
172.66.200.77,4,4,0.00,226.15,0.00
104.20.73.200,4,4,0.00,226.19,0.00
104.20.71.56,4,4,0.00,226.24,0.00
104.27.112.233,4,4,0.00,226.26,0.00
104.23.101.130,4,4,0.00,226.28,0.00
104.24.168.11,4,4,0.00,226.29,0.00
172.65.74.10,4,4,0.00,226.35,0.00
104.24.164.244,4,4,0.00,226.42,0.00
104.25.107.73,4,4,0.00,226.44,0.00
104.20.21.164,4,4,0.00,226.50,0.00
104.27.25.7,4,4,0.00,226.56,0.00
104.25.164.7,4,4,0.00,226.61,0.00
104.25.97.44,4,4,0.00,226.64,0.00
104.27.38.45,4,4,0.00,226.65,0.00
162.159.43.47,4,4,0.00,226.71,0.00
104.20.145.110,4,4,0.00,226.72,0.00
104.20.244.2,4,4,0.00,226.75,0.00
198.41.212.35,4,4,0.00,226.85,0.00
104.23.143.214,4,4,0.00,226.92,0.00
104.25.71.164,4,4,0.00,226.92,0.00
104.24.25.152,4,4,0.00,227.00,0.00
104.25.99.136,4,4,0.00,227.03,0.00
104.20.94.211,4,4,0.00,227.20,0.00
104.24.245.116,4,4,0.00,227.22,0.00
172.67.116.237,4,4,0.00,227.38,0.00
104.24.130.112,4,4,0.00,227.49,0.00
104.24.13.144,4,4,0.00,227.51,0.00
104.25.250.189,4,4,0.00,227.52,0.00
104.24.56.201,4,4,0.00,227.52,0.00
172.65.131.149,4,4,0.00,227.53,0.00
104.24.208.228,4,4,0.00,227.54,0.00
104.24.64.66,4,4,0.00,227.56,0.00
104.27.5.232,4,4,0.00,227.64,0.00
104.22.47.208,4,4,0.00,227.66,0.00
172.66.215.166,4,4,0.00,227.71,0.00
104.27.24.15,4,4,0.00,227.77,0.00
172.67.48.26,4,4,0.00,227.84,0.00
104.25.19.233,4,4,0.00,227.88,0.00
172.66.152.112,4,4,0.00,227.89,0.00
104.24.139.184,4,4,0.00,227.93,0.00
104.20.173.130,4,4,0.00,227.96,0.00
104.23.98.202,4,4,0.00,227.98,0.00
104.20.157.110,4,4,0.00,228.10,0.00
104.20.182.77,4,4,0.00,228.21,0.00
172.65.165.120,4,4,0.00,228.26,0.00
172.66.129.209,4,4,0.00,228.29,0.00
104.20.103.190,4,4,0.00,228.32,0.00
104.24.153.250,4,4,0.00,228.67,0.00
104.23.137.65,4,4,0.00,228.70,0.00
104.20.228.157,4,4,0.00,229.02,0.00
172.66.213.113,4,4,0.00,229.03,0.00
104.20.203.153,4,4,0.00,229.12,0.00
104.20.74.15,4,4,0.00,229.32,0.00
104.23.142.2,4,4,0.00,229.33,0.00
172.66.131.220,4,4,0.00,229.35,0.00
172.64.235.15,4,4,0.00,229.43,0.00
104.25.54.0,4,4,0.00,229.50,0.00
104.27.80.24,4,4,0.00,229.54,0.00
104.24.12.85,4,4,0.00,229.57,0.00
104.20.104.94,4,4,0.00,229.69,0.00
104.20.0.8,4,4,0.00,229.74,0.00
104.24.223.197,4,4,0.00,229.84,0.00
104.27.17.85,4,4,0.00,229.87,0.00
104.20.97.7,4,4,0.00,229.88,0.00
104.20.17.130,4,4,0.00,229.95,0.00
172.67.92.81,4,4,0.00,230.01,0.00
188.114.97.153,4,4,0.00,230.03,0.00
104.20.151.166,4,4,0.00,230.22,0.00
104.20.93.46,4,4,0.00,230.29,0.00
104.27.16.72,4,4,0.00,230.59,0.00
172.65.124.21,4,4,0.00,230.72,0.00
104.20.5.27,4,4,0.00,230.73,0.00
188.114.98.42,4,4,0.00,230.79,0.00
104.23.100.194,4,4,0.00,230.96,0.00
172.65.102.93,4,4,0.00,231.02,0.00
172.66.217.61,4,4,0.00,231.42,0.00
104.25.229.166,4,4,0.00,231.43,0.00
104.24.8.121,4,4,0.00,231.53,0.00
104.24.211.186,4,4,0.00,231.61,0.00
104.24.52.226,4,4,0.00,231.66,0.00
104.25.189.184,4,4,0.00,231.83,0.00
104.20.171.34,4,4,0.00,231.88,0.00
104.20.80.171,4,4,0.00,232.20,0.00
104.24.159.98,4,4,0.00,232.21,0.00
104.25.25.117,4,4,0.00,232.27,0.00
104.22.13.163,4,4,0.00,232.35,0.00
172.67.1.95,4,4,0.00,232.74,0.00
172.66.130.216,4,4,0.00,232.92,0.00
104.20.124.98,4,4,0.00,233.64,0.00
104.23.105.121,4,4,0.00,233.65,0.00
172.66.174.180,4,4,0.00,233.75,0.00
104.27.26.180,4,4,0.00,233.85,0.00
104.23.104.0,4,4,0.00,234.04,0.00
104.24.217.155,4,4,0.00,234.22,0.00
104.20.102.137,4,4,0.00,234.31,0.00
104.22.66.61,4,4,0.00,235.08,0.00
188.114.99.16,4,4,0.00,235.34,0.00
104.25.215.226,4,4,0.00,236.10,0.00
172.66.210.237,4,4,0.00,236.26,0.00
141.101.113.235,4,4,0.00,236.26,0.00
172.65.153.118,4,4,0.00,236.33,0.00
172.65.172.161,4,4,0.00,236.42,0.00
172.67.90.21,4,4,0.00,236.44,0.00
104.24.58.65,4,4,0.00,236.46,0.00
104.25.173.193,4,4,0.00,236.85,0.00
104.20.10.156,4,4,0.00,236.96,0.00
104.27.89.224,4,4,0.00,237.11,0.00
104.20.251.169,4,4,0.00,237.21,0.00
104.24.44.133,4,4,0.00,237.62,0.00
104.22.73.152,4,4,0.00,237.80,0.00
104.23.96.18,4,4,0.00,237.88,0.00
104.24.18.49,4,4,0.00,239.01,0.00
172.65.175.151,4,4,0.00,239.10,0.00
104.24.213.25,4,4,0.00,239.12,0.00
104.25.210.82,4,4,0.00,239.29,0.00
104.24.80.149,4,4,0.00,240.07,0.00
104.24.156.194,4,4,0.00,240.65,0.00
104.20.79.186,4,4,0.00,240.93,0.00
104.20.172.239,4,4,0.00,241.68,0.00
172.67.0.253,4,4,0.00,241.96,0.00
172.65.136.18,4,4,0.00,242.02,0.00
104.22.9.63,4,4,0.00,242.51,0.00
104.24.48.72,4,4,0.00,243.87,0.00
104.20.238.194,4,4,0.00,244.19,0.00
104.24.19.54,4,4,0.00,244.39,0.00
172.67.15.134,4,4,0.00,246.39,0.00
162.159.81.219,4,4,0.00,248.46,0.00
104.31.0.60,4,4,0.00,254.33,0.00
172.64.229.246,4,3,0.25,112.30,0.00
172.64.148.64,4,3,0.25,150.27,0.00
104.17.239.52,4,3,0.25,150.33,0.00
104.16.59.141,4,3,0.25,150.48,0.00
104.19.187.66,4,3,0.25,150.81,0.00
104.17.237.221,4,3,0.25,150.91,0.00
104.16.7.5,4,3,0.25,151.28,0.00
104.17.185.112,4,3,0.25,151.32,0.00
162.159.22.191,4,3,0.25,151.36,0.00
104.16.110.59,4,3,0.25,151.40,0.00
162.159.23.9,4,3,0.25,151.52,0.00
172.65.196.216,4,3,0.25,151.59,0.00
104.17.150.236,4,3,0.25,151.64,0.00
172.65.225.66,4,3,0.25,151.68,0.00
172.64.156.237,4,3,0.25,151.76,0.00
104.18.65.93,4,3,0.25,151.84,0.00
172.65.249.133,4,3,0.25,151.89,0.00
172.64.157.68,4,3,0.25,151.90,0.00
104.17.107.179,4,3,0.25,151.96,0.00
172.64.164.78,4,3,0.25,151.98,0.00
104.16.226.63,4,3,0.25,152.01,0.00
104.16.52.91,4,3,0.25,152.13,0.00
104.17.97.74,4,3,0.25,152.13,0.00
172.65.194.215,4,3,0.25,152.21,0.00
104.16.141.158,4,3,0.25,152.31,0.00
172.65.215.29,4,3,0.25,152.31,0.00
104.16.70.101,4,3,0.25,152.59,0.00
104.16.163.3,4,3,0.25,152.63,0.00
172.66.3.45,4,3,0.25,152.71,0.00
104.16.0.202,4,3,0.25,152.71,0.00
172.65.233.231,4,3,0.25,152.85,0.00
104.16.60.209,4,3,0.25,152.91,0.00
172.66.41.220,4,3,0.25,152.96,0.00
104.16.58.78,4,3,0.25,152.99,0.00
172.65.204.110,4,3,0.25,153.10,0.00
172.66.45.169,4,3,0.25,153.11,0.00
172.65.213.102,4,3,0.25,153.13,0.00
172.64.152.32,4,3,0.25,153.26,0.00
172.65.200.83,4,3,0.25,153.26,0.00
104.16.75.9,4,3,0.25,153.36,0.00
172.65.228.218,4,3,0.25,153.41,0.00
104.18.136.219,4,3,0.25,153.49,0.00
104.17.218.85,4,3,0.25,153.52,0.00
104.16.81.194,4,3,0.25,153.56,0.00
104.16.78.94,4,3,0.25,153.83,0.00
104.19.184.107,4,3,0.25,153.87,0.00
104.17.152.9,4,3,0.25,154.20,0.00
172.65.226.202,4,3,0.25,154.25,0.00
162.159.41.122,4,3,0.25,154.28,0.00
104.19.186.153,4,3,0.25,154.28,0.00
104.16.186.155,4,3,0.25,154.33,0.00
172.64.234.170,4,3,0.25,154.38,0.00
172.65.195.175,4,3,0.25,154.57,0.00
172.64.172.6,4,3,0.25,154.64,0.00
104.18.168.172,4,3,0.25,154.65,0.00
104.16.87.250,4,3,0.25,154.74,0.00
104.17.106.70,4,3,0.25,154.79,0.00
104.16.192.221,4,3,0.25,154.94,0.00
104.18.160.15,4,3,0.25,154.98,0.00
172.65.199.238,4,3,0.25,155.06,0.00
104.16.183.137,4,3,0.25,155.15,0.00
104.18.64.180,4,3,0.25,155.42,0.00
172.64.151.168,4,3,0.25,155.47,0.00
104.19.114.68,4,3,0.25,155.49,0.00
104.16.76.32,4,3,0.25,155.51,0.00
104.16.79.26,4,3,0.25,155.51,0.00
104.16.206.126,4,3,0.25,155.54,0.00
104.18.164.233,4,3,0.25,155.58,0.00
104.16.204.184,4,3,0.25,155.65,0.00
172.66.1.87,4,3,0.25,155.67,0.00
104.19.84.69,4,3,0.25,155.75,0.00
104.17.100.107,4,3,0.25,155.76,0.00
104.16.182.210,4,3,0.25,155.77,0.00
172.65.219.120,4,3,0.25,155.77,0.00
104.18.161.49,4,3,0.25,155.83,0.00
172.65.230.157,4,3,0.25,155.91,0.00
104.16.140.132,4,3,0.25,156.04,0.00
172.64.150.122,4,3,0.25,156.06,0.00
172.65.227.63,4,3,0.25,156.06,0.00
104.18.47.46,4,3,0.25,156.19,0.00
104.17.104.158,4,3,0.25,156.22,0.00
104.17.188.116,4,3,0.25,156.24,0.00
104.16.57.147,4,3,0.25,156.25,0.00
104.16.205.199,4,3,0.25,156.26,0.00
104.16.53.205,4,3,0.25,156.28,0.00
104.16.8.66,4,3,0.25,156.37,0.00
104.19.77.11,4,3,0.25,156.44,0.00
104.17.99.184,4,3,0.25,156.46,0.00
104.16.56.36,4,3,0.25,156.50,0.00
104.18.76.210,4,3,0.25,156.52,0.00
104.16.203.123,4,3,0.25,156.53,0.00
172.64.198.138,4,3,0.25,156.65,0.00
172.64.134.15,4,3,0.25,156.65,0.00
104.16.207.228,4,3,0.25,156.66,0.00
104.18.243.169,4,3,0.25,156.81,0.00
162.159.36.47,4,3,0.25,156.86,0.00
104.19.182.226,4,3,0.25,156.93,0.00
162.159.3.188,4,3,0.25,156.96,0.00
104.17.235.200,4,3,0.25,157.04,0.00
104.17.92.158,4,3,0.25,157.04,0.00
172.65.222.140,4,3,0.25,157.04,0.00
104.19.197.147,4,3,0.25,157.05,0.00
104.19.180.137,4,3,0.25,157.15,0.00
104.16.202.178,4,3,0.25,157.26,0.00
104.16.51.129,4,3,0.25,157.30,0.00
172.65.197.23,4,3,0.25,157.43,0.00
104.16.17.254,4,3,0.25,157.45,0.00
172.65.203.61,4,3,0.25,157.48,0.00
104.17.103.43,4,3,0.25,157.54,0.00
172.65.206.186,4,3,0.25,157.61,0.00
104.16.73.207,4,3,0.25,157.62,0.00
104.18.171.197,4,3,0.25,157.63,0.00
104.18.244.112,4,3,0.25,157.64,0.00
104.18.176.93,4,3,0.25,157.67,0.00
104.16.143.28,4,3,0.25,157.68,0.00
172.65.250.13,4,3,0.25,157.69,0.00
172.65.252.109,4,3,0.25,157.86,0.00
104.16.172.121,4,3,0.25,157.92,0.00
104.18.148.142,4,3,0.25,157.93,0.00
104.18.175.129,4,3,0.25,158.03,0.00
104.19.83.46,4,3,0.25,158.05,0.00
172.66.40.211,4,3,0.25,158.08,0.00
172.64.231.224,4,3,0.25,158.21,0.00
104.18.61.22,4,3,0.25,158.22,0.00
104.16.139.124,4,3,0.25,158.28,0.00
104.17.236.24,4,3,0.25,158.37,0.00
104.19.100.220,4,3,0.25,158.39,0.00
104.17.102.154,4,3,0.25,158.49,0.00
104.18.162.26,4,3,0.25,158.53,0.00
104.18.46.114,4,3,0.25,158.55,0.00
104.17.32.82,4,3,0.25,158.62,0.00
172.64.147.194,4,3,0.25,158.66,0.00
104.19.76.203,4,3,0.25,158.66,0.00
104.17.109.94,4,3,0.25,158.73,0.00
172.65.205.177,4,3,0.25,158.83,0.00
104.16.189.247,4,3,0.25,158.84,0.00
162.159.25.133,4,3,0.25,158.97,0.00
104.18.159.88,4,3,0.25,159.01,0.00
104.17.29.5,4,3,0.25,159.08,0.00
172.64.230.156,4,3,0.25,159.28,0.00
104.19.81.63,4,3,0.25,159.53,0.00
172.65.235.224,4,3,0.25,159.63,0.00
172.65.201.184,4,3,0.25,159.68,0.00
172.64.165.134,4,3,0.25,159.69,0.00
104.18.245.162,4,3,0.25,159.72,0.00
104.16.86.59,4,3,0.25,159.74,0.00
172.64.137.94,4,3,0.25,159.78,0.00
104.18.132.111,4,3,0.25,159.78,0.00
104.18.173.119,4,3,0.25,159.83,0.00
172.65.210.43,4,3,0.25,159.92,0.00
104.16.104.75,4,3,0.25,159.97,0.00
104.17.132.212,4,3,0.25,160.24,0.00
104.17.207.97,4,3,0.25,160.31,0.00
104.19.183.85,4,3,0.25,160.35,0.00
104.19.78.95,4,3,0.25,160.36,0.00
104.16.105.197,4,3,0.25,160.44,0.00
104.16.237.15,4,3,0.25,160.48,0.00
104.19.88.142,4,3,0.25,160.92,0.00
162.159.13.123,4,3,0.25,160.93,0.00
104.18.172.87,4,3,0.25,161.06,0.00
104.16.218.169,4,3,0.25,161.21,0.00
172.64.146.100,4,3,0.25,161.24,0.00
172.67.42.196,4,3,0.25,161.31,0.00
104.18.166.253,4,3,0.25,161.37,0.00
172.64.139.189,4,3,0.25,161.52,0.00
104.19.80.14,4,3,0.25,161.55,0.00
104.18.174.213,4,3,0.25,161.71,0.00
172.67.26.234,4,3,0.25,161.78,0.00
104.16.119.177,4,3,0.25,161.87,0.00
104.19.160.185,4,3,0.25,162.10,0.00
104.18.49.141,4,3,0.25,162.24,0.00
104.17.60.58,4,3,0.25,162.30,0.00
162.159.1.95,4,3,0.25,162.45,0.00
104.19.12.69,4,3,0.25,162.52,0.00
104.22.56.167,4,3,0.25,162.57,0.00
104.16.117.52,4,3,0.25,162.67,0.00
172.64.141.248,4,3,0.25,162.68,0.00
104.16.121.176,4,3,0.25,162.91,0.00
104.22.59.236,4,3,0.25,162.92,0.00
104.18.185.22,4,3,0.25,162.97,0.00
172.67.22.132,4,3,0.25,163.01,0.00
198.41.216.113,4,3,0.25,163.04,0.00
198.41.222.21,4,3,0.25,163.23,0.00
104.22.62.148,4,3,0.25,163.29,0.00
162.159.51.214,4,3,0.25,163.30,0.00
172.64.203.191,4,3,0.25,163.36,0.00
104.17.252.74,4,3,0.25,163.39,0.00
162.159.56.126,4,3,0.25,163.46,0.00
104.19.119.78,4,3,0.25,163.57,0.00
172.65.81.117,4,3,0.25,163.71,0.00
172.65.209.117,4,3,0.25,163.72,0.00
172.64.207.58,4,3,0.25,163.74,0.00
172.64.135.23,4,3,0.25,163.75,0.00
198.41.220.90,4,3,0.25,163.81,0.00
104.18.29.143,4,3,0.25,163.91,0.00
172.65.83.237,4,3,0.25,164.04,0.00
104.19.228.114,4,3,0.25,164.09,0.00
104.19.249.14,4,3,0.25,164.15,0.00
104.17.2.157,4,3,0.25,164.41,0.00
104.18.20.217,4,3,0.25,164.51,0.00
104.18.52.113,4,3,0.25,164.64,0.00
172.64.205.41,4,3,0.25,164.67,0.00
104.18.193.157,4,3,0.25,164.76,0.00
104.16.215.163,4,3,0.25,164.83,0.00
104.16.126.22,4,3,0.25,164.83,0.00
162.159.20.194,4,3,0.25,165.26,0.00
172.64.131.178,4,3,0.25,165.31,0.00
172.65.95.140,4,3,0.25,165.32,0.00
104.19.74.167,4,3,0.25,165.33,0.00
104.17.174.34,4,3,0.25,165.45,0.00
172.65.86.128,4,3,0.25,165.47,0.00
162.159.247.101,4,3,0.25,165.85,0.00
104.22.19.204,4,3,0.25,166.04,0.00
104.22.54.101,4,3,0.25,166.05,0.00
104.22.55.196,4,3,0.25,166.21,0.00
172.64.175.104,4,3,0.25,166.29,0.00
104.22.63.43,4,3,0.25,166.34,0.00
172.65.91.176,4,3,0.25,166.48,0.00
104.16.31.86,4,3,0.25,166.56,0.00
198.41.218.214,4,3,0.25,166.81,0.00
104.16.47.138,4,3,0.25,166.89,0.00
104.16.37.143,4,3,0.25,166.92,0.00
172.67.17.254,4,3,0.25,166.94,0.00
172.64.171.4,4,3,0.25,167.09,0.00
104.16.46.125,4,3,0.25,167.40,0.00
172.64.153.187,4,3,0.25,167.43,0.00
198.41.200.182,4,3,0.25,167.45,0.00
172.64.136.49,4,3,0.25,168.02,0.00
172.64.132.32,4,3,0.25,168.24,0.00
104.19.10.160,4,3,0.25,168.37,0.00
104.16.213.16,4,3,0.25,168.62,0.00
104.16.120.223,4,3,0.25,168.62,0.00
104.19.59.99,4,3,0.25,169.74,0.00
104.18.9.240,4,3,0.25,169.80,0.00
162.159.15.97,4,3,0.25,170.26,0.00
104.19.133.40,4,3,0.25,170.50,0.00
104.16.113.144,4,3,0.25,170.75,0.00
162.159.4.82,4,3,0.25,172.06,0.00
172.64.204.97,4,3,0.25,172.36,0.00
162.159.39.251,4,3,0.25,173.40,0.00
104.18.113.89,4,3,0.25,174.61,0.00
172.65.94.20,4,3,0.25,174.72,0.00
104.19.143.164,4,3,0.25,175.10,0.00
162.159.246.121,4,3,0.25,176.27,0.00
104.16.211.10,4,3,0.25,176.70,0.00
104.18.123.49,4,3,0.25,176.91,0.00
104.18.117.34,4,3,0.25,178.81,0.00
104.18.7.254,4,3,0.25,180.98,0.00
104.22.22.141,4,3,0.25,182.12,0.00
172.67.211.13,4,3,0.25,191.34,0.00
172.67.189.147,4,3,0.25,192.14,0.00
104.21.71.22,4,3,0.25,193.25,0.00
172.67.138.83,4,3,0.25,194.39,0.00
172.67.180.90,4,3,0.25,195.42,0.00
172.67.240.14,4,3,0.25,196.15,0.00
104.21.98.189,4,3,0.25,196.92,0.00
172.67.219.190,4,3,0.25,198.25,0.00
172.67.215.105,4,3,0.25,198.61,0.00
104.21.199.13,4,3,0.25,199.33,0.00
104.21.96.120,4,3,0.25,201.13,0.00
104.21.76.65,4,3,0.25,201.59,0.00
172.67.173.6,4,3,0.25,201.86,0.00
172.65.26.116,4,3,0.25,203.10,0.00
104.21.74.25,4,3,0.25,203.26,0.00
172.67.233.31,4,3,0.25,203.62,0.00
172.67.184.248,4,3,0.25,203.73,0.00
104.21.192.168,4,3,0.25,203.91,0.00
104.21.103.238,4,3,0.25,204.54,0.00
172.67.213.234,4,3,0.25,204.63,0.00
172.65.56.67,4,3,0.25,204.97,0.00
172.65.47.77,4,3,0.25,205.16,0.00
172.67.232.73,4,3,0.25,205.40,0.00
104.21.64.159,4,3,0.25,205.47,0.00
172.65.29.154,4,3,0.25,205.63,0.00
172.65.17.128,4,3,0.25,206.15,0.00
172.67.163.171,4,3,0.25,206.74,0.00
104.21.41.166,4,3,0.25,207.71,0.00
104.21.63.144,4,3,0.25,207.77,0.00
104.21.198.132,4,3,0.25,207.79,0.00
172.67.226.48,4,3,0.25,207.96,0.00
172.67.181.214,4,3,0.25,208.03,0.00
104.21.193.212,4,3,0.25,208.07,0.00
172.67.177.104,4,3,0.25,208.31,0.00
172.67.205.235,4,3,0.25,208.41,0.00
172.65.49.63,4,3,0.25,208.58,0.00
172.67.223.235,4,3,0.25,208.61,0.00
104.21.195.197,4,3,0.25,208.67,0.00
172.67.135.192,4,3,0.25,209.19,0.00
172.67.212.133,4,3,0.25,209.72,0.00
172.67.147.84,4,3,0.25,209.92,0.00
172.67.216.147,4,3,0.25,210.06,0.00
172.67.217.18,4,3,0.25,210.68,0.00
104.21.34.234,4,3,0.25,210.71,0.00
172.67.149.57,4,3,0.25,210.81,0.00
104.21.66.80,4,3,0.25,210.87,0.00
104.21.43.108,4,3,0.25,210.98,0.00
172.67.194.4,4,3,0.25,211.31,0.00
104.21.67.22,4,3,0.25,211.40,0.00
172.67.234.23,4,3,0.25,211.44,0.00
104.21.5.183,4,3,0.25,211.47,0.00
172.67.218.230,4,3,0.25,211.62,0.00
172.67.244.217,4,3,0.25,211.78,0.00
172.67.66.24,4,3,0.25,211.87,0.00
172.67.196.100,4,3,0.25,212.03,0.00
104.25.31.90,4,3,0.25,212.13,0.00
104.21.90.25,4,3,0.25,212.16,0.00
104.20.250.58,4,3,0.25,212.34,0.00
172.67.170.173,4,3,0.25,212.35,0.00
172.67.210.156,4,3,0.25,212.36,0.00
104.21.115.209,4,3,0.25,212.54,0.00
104.27.2.227,4,3,0.25,212.66,0.00
172.65.25.117,4,3,0.25,212.79,0.00
172.67.214.103,4,3,0.25,212.81,0.00
104.21.8.166,4,3,0.25,213.13,0.00
172.66.160.59,4,3,0.25,213.35,0.00
104.24.244.13,4,3,0.25,213.61,0.00
172.66.146.104,4,3,0.25,213.79,0.00
104.21.69.192,4,3,0.25,213.80,0.00
172.67.246.104,4,3,0.25,213.95,0.00
172.66.149.235,4,3,0.25,213.95,0.00
172.67.174.154,4,3,0.25,213.96,0.00
104.25.21.95,4,3,0.25,214.03,0.00
104.20.247.188,4,3,0.25,214.15,0.00
104.27.193.6,4,3,0.25,214.20,0.00
172.67.185.234,4,3,0.25,214.21,0.00
172.67.172.110,4,3,0.25,214.31,0.00
172.67.121.107,4,3,0.25,214.34,0.00
172.67.198.42,4,3,0.25,214.39,0.00
172.67.175.246,4,3,0.25,214.42,0.00
104.25.151.135,4,3,0.25,214.49,0.00
172.67.222.152,4,3,0.25,214.50,0.00
172.65.120.161,4,3,0.25,214.60,0.00
104.21.7.96,4,3,0.25,214.86,0.00
104.25.232.210,4,3,0.25,214.87,0.00
172.67.58.249,4,3,0.25,214.88,0.00
104.20.8.178,4,3,0.25,214.88,0.00
104.21.118.162,4,3,0.25,215.00,0.00
172.67.113.84,4,3,0.25,215.00,0.00
104.20.155.132,4,3,0.25,215.24,0.00
172.65.144.115,4,3,0.25,215.40,0.00
172.65.75.39,4,3,0.25,215.46,0.00
172.67.164.115,4,3,0.25,215.50,0.00
104.25.100.83,4,3,0.25,215.55,0.00
104.21.65.30,4,3,0.25,215.70,0.00
104.22.69.52,4,3,0.25,215.75,0.00
104.24.210.99,4,3,0.25,215.78,0.00
104.27.61.119,4,3,0.25,216.00,0.00
104.21.70.193,4,3,0.25,216.01,0.00
172.65.180.91,4,3,0.25,216.03,0.00
104.27.13.71,4,3,0.25,216.07,0.00
172.67.209.202,4,3,0.25,216.28,0.00
104.27.37.21,4,3,0.25,216.31,0.00
104.20.85.156,4,3,0.25,216.54,0.00
172.65.142.47,4,3,0.25,216.54,0.00
172.65.24.97,4,3,0.25,216.65,0.00
172.67.81.32,4,3,0.25,216.75,0.00
104.20.20.88,4,3,0.25,216.79,0.00
172.66.150.155,4,3,0.25,217.00,0.00
104.21.119.227,4,3,0.25,217.04,0.00
104.23.116.191,4,3,0.25,217.08,0.00
104.20.160.129,4,3,0.25,217.08,0.00
104.24.177.113,4,3,0.25,217.11,0.00
172.66.201.221,4,3,0.25,217.29,0.00
104.21.31.3,4,3,0.25,217.34,0.00
172.66.207.25,4,3,0.25,217.36,0.00
172.65.21.55,4,3,0.25,217.37,0.00
104.27.8.233,4,3,0.25,217.44,0.00
172.67.7.183,4,3,0.25,217.58,0.00
104.20.107.44,4,3,0.25,217.65,0.00
104.20.9.53,4,3,0.25,217.77,0.00
104.20.237.98,4,3,0.25,217.90,0.00
172.65.143.114,4,3,0.25,217.93,0.00
172.67.195.216,4,3,0.25,217.97,0.00
104.25.72.28,4,3,0.25,218.00,0.00
104.24.171.125,4,3,0.25,218.04,0.00
104.25.58.250,4,3,0.25,218.18,0.00
172.67.168.121,4,3,0.25,218.19,0.00
172.67.145.94,4,3,0.25,218.42,0.00
104.24.161.104,4,3,0.25,218.65,0.00
104.25.108.1,4,3,0.25,218.75,0.00
172.67.197.121,4,3,0.25,218.80,0.00
104.20.7.226,4,3,0.25,218.98,0.00
104.25.37.154,4,3,0.25,219.01,0.00
104.27.54.195,4,3,0.25,219.03,0.00
104.20.83.222,4,3,0.25,219.21,0.00
104.20.176.27,4,3,0.25,219.25,0.00
104.25.217.201,4,3,0.25,219.27,0.00
104.23.131.204,4,3,0.25,219.33,0.00
104.27.55.14,4,3,0.25,219.33,0.00
104.24.214.71,4,3,0.25,219.36,0.00
104.21.196.116,4,3,0.25,219.41,0.00
104.21.203.118,4,3,0.25,219.41,0.00
104.21.200.160,4,3,0.25,219.41,0.00
172.65.191.50,4,3,0.25,219.52,0.00
104.25.55.214,4,3,0.25,219.58,0.00
104.24.199.70,4,3,0.25,219.63,0.00
104.20.196.80,4,3,0.25,219.64,0.00
172.65.186.44,4,3,0.25,219.65,0.00
104.25.203.79,4,3,0.25,219.87,0.00
104.25.103.131,4,3,0.25,219.89,0.00
172.67.183.115,4,3,0.25,219.90,0.00
104.25.69.136,4,3,0.25,219.98,0.00
104.20.14.226,4,3,0.25,219.99,0.00
104.25.109.17,4,3,0.25,220.00,0.00
172.67.70.240,4,3,0.25,220.12,0.00
104.27.105.246,4,3,0.25,220.14,0.00
172.67.228.196,4,3,0.25,220.15,0.00
104.20.197.47,4,3,0.25,220.19,0.00
104.25.29.43,4,3,0.25,220.22,0.00
104.20.11.96,4,3,0.25,220.23,0.00
104.25.243.98,4,3,0.25,220.45,0.00
104.27.95.216,4,3,0.25,220.48,0.00
172.66.153.134,4,3,0.25,220.52,0.00
104.21.207.127,4,3,0.25,220.59,0.00
104.22.78.42,4,3,0.25,220.59,0.00
104.27.91.242,4,3,0.25,220.65,0.00
172.66.155.58,4,3,0.25,220.66,0.00
104.27.28.104,4,3,0.25,220.71,0.00
104.23.110.46,4,3,0.25,220.71,0.00
172.65.101.193,4,3,0.25,220.81,0.00
172.66.165.244,4,3,0.25,220.82,0.00
104.23.134.149,4,3,0.25,220.88,0.00
172.65.129.175,4,3,0.25,220.96,0.00
172.67.50.201,4,3,0.25,221.05,0.00
104.25.116.1,4,3,0.25,221.14,0.00
172.67.71.144,4,3,0.25,221.27,0.00
104.24.200.147,4,3,0.25,221.30,0.00
172.65.72.34,4,3,0.25,221.33,0.00
104.25.162.171,4,3,0.25,221.36,0.00
104.25.188.66,4,3,0.25,221.38,0.00
104.25.14.171,4,3,0.25,221.38,0.00
104.24.220.57,4,3,0.25,221.40,0.00
104.25.89.240,4,3,0.25,221.46,0.00
172.66.133.14,4,3,0.25,221.49,0.00
104.24.162.54,4,3,0.25,221.51,0.00
104.25.95.114,4,3,0.25,221.59,0.00
172.66.134.201,4,3,0.25,221.72,0.00
172.67.114.190,4,3,0.25,221.73,0.00
104.24.218.145,4,3,0.25,221.79,0.00
172.65.135.0,4,3,0.25,221.80,0.00
104.24.31.216,4,3,0.25,221.84,0.00
104.25.91.101,4,3,0.25,221.88,0.00
172.65.166.66,4,3,0.25,221.91,0.00
172.67.55.227,4,3,0.25,221.94,0.00
104.24.169.61,4,3,0.25,221.98,0.00
172.66.193.148,4,3,0.25,222.06,0.00
104.23.138.96,4,3,0.25,222.07,0.00
104.22.76.26,4,3,0.25,222.08,0.00
104.27.53.189,4,3,0.25,222.08,0.00
104.24.26.99,4,3,0.25,222.09,0.00
104.20.141.45,4,3,0.25,222.09,0.00
104.20.115.148,4,3,0.25,222.13,0.00
172.66.170.15,4,3,0.25,222.17,0.00
172.65.160.227,4,3,0.25,222.25,0.00
172.67.54.40,4,3,0.25,222.28,0.00
104.20.84.84,4,3,0.25,222.33,0.00
104.20.144.84,4,3,0.25,222.36,0.00
104.24.228.113,4,3,0.25,222.36,0.00
104.25.75.29,4,3,0.25,222.41,0.00
172.66.175.253,4,3,0.25,222.43,0.00
172.66.148.91,4,3,0.25,222.50,0.00
172.65.158.80,4,3,0.25,222.50,0.00
104.25.181.103,4,3,0.25,222.53,0.00
104.23.128.254,4,3,0.25,222.54,0.00
104.27.60.92,4,3,0.25,222.55,0.00
104.25.200.222,4,3,0.25,222.59,0.00
104.22.33.128,4,3,0.25,222.59,0.00
104.25.192.176,4,3,0.25,222.63,0.00
172.67.112.167,4,3,0.25,222.71,0.00
104.27.9.100,4,3,0.25,222.76,0.00
104.25.4.239,4,3,0.25,222.78,0.00
104.25.73.178,4,3,0.25,222.84,0.00
104.25.101.148,4,3,0.25,222.97,0.00
104.24.238.205,4,3,0.25,223.01,0.00
104.25.96.43,4,3,0.25,223.10,0.00
172.66.195.67,4,3,0.25,223.17,0.00
104.27.59.53,4,3,0.25,223.20,0.00
104.20.78.189,4,3,0.25,223.22,0.00
104.23.115.133,4,3,0.25,223.31,0.00
104.25.125.7,4,3,0.25,223.35,0.00
104.22.35.184,4,3,0.25,223.37,0.00
104.25.190.65,4,3,0.25,223.39,0.00
104.27.196.47,4,3,0.25,223.40,0.00
104.27.30.12,4,3,0.25,223.46,0.00
172.67.68.143,4,3,0.25,223.56,0.00
172.67.73.165,4,3,0.25,223.70,0.00
104.23.130.126,4,3,0.25,223.70,0.00
172.65.187.149,4,3,0.25,223.74,0.00
172.67.123.92,4,3,0.25,223.83,0.00
104.24.32.129,4,3,0.25,223.84,0.00
172.66.154.181,4,3,0.25,223.85,0.00
172.66.157.129,4,3,0.25,223.94,0.00
172.64.232.163,4,3,0.25,224.16,0.00
104.25.198.217,4,3,0.25,224.19,0.00
172.65.66.96,4,3,0.25,224.19,0.00
104.25.7.217,4,3,0.25,224.29,0.00
104.23.141.156,4,3,0.25,224.37,0.00
104.25.30.42,4,3,0.25,224.44,0.00
104.27.203.194,4,3,0.25,224.48,0.00
104.24.150.28,4,3,0.25,224.50,0.00
172.65.111.38,4,3,0.25,224.62,0.00
172.66.128.108,4,3,0.25,224.62,0.00
104.20.126.233,4,3,0.25,224.67,0.00
172.67.49.236,4,3,0.25,224.72,0.00
104.25.142.189,4,3,0.25,224.74,0.00
172.65.70.160,4,3,0.25,224.93,0.00
104.25.27.85,4,3,0.25,224.95,0.00
104.20.184.174,4,3,0.25,224.97,0.00
104.26.5.205,4,3,0.25,225.05,0.00
172.67.2.201,4,3,0.25,225.09,0.00
104.25.240.216,4,3,0.25,225.24,0.00
172.66.204.89,4,3,0.25,225.25,0.00
104.24.165.38,4,3,0.25,225.25,0.00
172.67.3.49,4,3,0.25,225.63,0.00
172.66.144.61,4,3,0.25,225.68,0.00
172.67.75.150,4,3,0.25,225.69,0.00
104.25.224.134,4,3,0.25,225.76,0.00
104.20.255.247,4,3,0.25,225.84,0.00
104.24.176.54,4,3,0.25,225.86,0.00
104.24.246.153,4,3,0.25,225.89,0.00
104.20.4.51,4,3,0.25,225.94,0.00
104.25.12.46,4,3,0.25,226.00,0.00
104.20.214.94,4,3,0.25,226.13,0.00
172.66.166.78,4,3,0.25,226.20,0.00
104.24.78.153,4,3,0.25,226.22,0.00
104.24.15.37,4,3,0.25,226.41,0.00
104.25.5.235,4,3,0.25,226.45,0.00
104.25.168.4,4,3,0.25,226.50,0.00
104.20.254.42,4,3,0.25,226.54,0.00
104.25.199.125,4,3,0.25,226.61,0.00
104.24.75.73,4,3,0.25,226.81,0.00
104.20.252.245,4,3,0.25,226.82,0.00
172.65.140.2,4,3,0.25,226.83,0.00
172.67.69.253,4,3,0.25,226.92,0.00
172.65.118.232,4,3,0.25,227.14,0.00
104.20.234.30,4,3,0.25,227.20,0.00
104.20.77.222,4,3,0.25,227.55,0.00
172.67.74.32,4,3,0.25,227.79,0.00
104.27.42.242,4,3,0.25,227.84,0.00
104.24.226.35,4,3,0.25,227.85,0.00
104.21.110.136,4,3,0.25,227.87,0.00
172.67.102.195,4,3,0.25,227.93,0.00
104.27.45.199,4,3,0.25,227.96,0.00
104.24.195.188,4,3,0.25,227.99,0.00
104.25.22.234,4,3,0.25,228.08,0.00
172.66.139.3,4,3,0.25,228.18,0.00
104.27.98.151,4,3,0.25,228.19,0.00
104.23.123.242,4,3,0.25,228.31,0.00
104.20.6.50,4,3,0.25,228.42,0.00
104.20.81.249,4,3,0.25,228.42,0.00
104.23.140.7,4,3,0.25,228.45,0.00
104.25.254.6,4,3,0.25,228.53,0.00
104.27.83.92,4,3,0.25,228.58,0.00
104.24.76.9,4,3,0.25,228.63,0.00
104.24.187.150,4,3,0.25,228.75,0.00
104.24.90.70,4,3,0.25,228.77,0.00
104.20.76.66,4,3,0.25,228.81,0.00
104.25.197.227,4,3,0.25,229.05,0.00
172.65.122.195,4,3,0.25,229.12,0.00
104.24.219.64,4,3,0.25,229.20,0.00
104.25.176.154,4,3,0.25,229.46,0.00
104.20.113.42,4,3,0.25,229.51,0.00
104.22.77.37,4,3,0.25,229.70,0.00
104.25.195.8,4,3,0.25,229.77,0.00
104.20.253.144,4,3,0.25,229.89,0.00
104.20.69.135,4,3,0.25,229.91,0.00
104.24.46.128,4,3,0.25,229.93,0.00
104.25.196.169,4,3,0.25,229.96,0.00
104.24.221.180,4,3,0.25,230.22,0.00
172.67.119.157,4,3,0.25,230.34,0.00
172.66.167.4,4,3,0.25,230.37,0.00
104.25.78.132,4,3,0.25,230.42,0.00
104.25.201.49,4,3,0.25,230.43,0.00
172.66.136.131,4,3,0.25,231.04,0.00
104.24.167.168,4,3,0.25,231.21,0.00
104.24.225.5,4,3,0.25,231.21,0.00
104.23.97.173,4,3,0.25,231.34,0.00
104.24.222.80,4,3,0.25,231.36,0.00
104.20.177.79,4,3,0.25,231.42,0.00
104.24.224.205,4,3,0.25,231.76,0.00
172.66.173.65,4,3,0.25,232.25,0.00
104.27.50.137,4,3,0.25,232.83,0.00
104.24.148.58,4,3,0.25,232.97,0.00
104.20.204.180,4,3,0.25,232.99,0.00
104.27.97.238,4,3,0.25,233.11,0.00
104.20.119.236,4,3,0.25,233.46,0.00
172.67.56.43,4,3,0.25,234.38,0.00
104.20.100.98,4,3,0.25,234.58,0.00
104.20.82.29,4,3,0.25,234.62,0.00
172.66.198.72,4,3,0.25,235.16,0.00
104.25.187.227,4,3,0.25,235.95,0.00
104.24.86.214,4,3,0.25,236.21,0.00
104.25.193.128,4,3,0.25,236.29,0.00
104.24.143.77,4,3,0.25,236.66,0.00
104.23.107.229,4,3,0.25,236.77,0.00
104.27.82.246,4,3,0.25,238.35,0.00
104.27.81.99,4,3,0.25,238.50,0.00
172.65.121.94,4,3,0.25,238.66,0.00
172.67.89.93,4,3,0.25,238.81,0.00
104.25.185.206,4,3,0.25,238.95,0.00
104.24.95.53,4,3,0.25,239.83,0.00
104.23.135.179,4,3,0.25,240.44,0.00
172.65.73.95,4,3,0.25,242.64,0.00
104.24.172.27,4,3,0.25,242.82,0.00
104.24.255.49,4,3,0.25,244.05,0.00
104.24.216.144,4,3,0.25,249.86,0.00
172.65.109.154,4,3,0.25,250.59,0.00
104.20.230.52,4,3,0.25,253.22,0.00
172.64.233.235,4,3,0.25,267.02,0.00
104.16.146.108,4,2,0.50,148.38,0.00
104.16.149.249,4,2,0.50,149.66,0.00
104.19.191.207,4,2,0.50,150.19,0.00
172.65.202.116,4,2,0.50,150.71,0.00
104.18.69.190,4,2,0.50,150.90,0.00
104.17.177.40,4,2,0.50,150.97,0.00
104.18.68.124,4,2,0.50,151.23,0.00
104.16.148.166,4,2,0.50,151.65,0.00
172.65.242.88,4,2,0.50,151.68,0.00
104.17.111.201,4,2,0.50,152.33,0.00
104.17.110.9,4,2,0.50,152.40,0.00
104.16.188.169,4,2,0.50,152.77,0.00
104.16.129.208,4,2,0.50,152.96,0.00
104.16.166.251,4,2,0.50,152.99,0.00
104.18.71.128,4,2,0.50,153.28,0.00
104.17.178.228,4,2,0.50,153.39,0.00
104.19.189.121,4,2,0.50,153.49,0.00
172.65.208.51,4,2,0.50,153.56,0.00
172.65.244.23,4,2,0.50,153.58,0.00
104.16.230.129,4,2,0.50,154.23,0.00
104.17.250.3,4,2,0.50,154.29,0.00
104.16.152.49,4,2,0.50,154.36,0.00
162.159.18.149,4,2,0.50,154.45,0.00
104.18.181.245,4,2,0.50,154.53,0.00
104.17.9.247,4,2,0.50,154.60,0.00
104.16.55.129,4,2,0.50,154.75,0.00
104.16.187.146,4,2,0.50,154.98,0.00
172.65.214.118,4,2,0.50,155.23,0.00
172.65.216.31,4,2,0.50,155.27,0.00
104.18.216.39,4,2,0.50,155.43,0.00
104.19.85.11,4,2,0.50,155.48,0.00
104.16.130.80,4,2,0.50,155.51,0.00
104.18.73.143,4,2,0.50,155.54,0.00
104.19.190.11,4,2,0.50,155.63,0.00
104.16.150.222,4,2,0.50,155.83,0.00
104.17.35.215,4,2,0.50,156.14,0.00
172.66.46.22,4,2,0.50,156.53,0.00
104.18.77.149,4,2,0.50,156.62,0.00
104.18.178.187,4,2,0.50,156.77,0.00
104.19.103.223,4,2,0.50,156.82,0.00
104.17.241.198,4,2,0.50,156.91,0.00
104.19.87.108,4,2,0.50,156.99,0.00
172.65.224.19,4,2,0.50,157.04,0.00
172.64.168.220,4,2,0.50,157.11,0.00
104.16.233.165,4,2,0.50,157.39,0.00
172.65.211.3,4,2,0.50,157.40,0.00
172.65.93.133,4,2,0.50,157.56,0.00
162.159.16.66,4,2,0.50,157.61,0.00
172.64.170.79,4,2,0.50,157.65,0.00
104.19.90.51,4,2,0.50,157.66,0.00
104.16.142.230,4,2,0.50,157.72,0.00
104.19.225.144,4,2,0.50,157.79,0.00
104.16.144.33,4,2,0.50,158.26,0.00
104.19.164.195,4,2,0.50,158.26,0.00
104.17.240.213,4,2,0.50,158.26,0.00
104.16.18.222,4,2,0.50,158.28,0.00
104.18.246.187,4,2,0.50,158.48,0.00
172.66.2.202,4,2,0.50,158.50,0.00
104.17.30.92,4,2,0.50,158.68,0.00
104.16.30.136,4,2,0.50,158.96,0.00
104.18.87.71,4,2,0.50,159.07,0.00
104.19.161.221,4,2,0.50,159.16,0.00
104.17.74.134,4,2,0.50,159.22,0.00
104.17.246.158,4,2,0.50,159.58,0.00
104.19.34.176,4,2,0.50,159.63,0.00
104.18.179.232,4,2,0.50,160.29,0.00
104.18.251.208,4,2,0.50,160.51,0.00
104.16.125.52,4,2,0.50,160.95,0.00
104.18.250.15,4,2,0.50,161.28,0.00
104.17.181.21,4,2,0.50,161.42,0.00
162.159.8.239,4,2,0.50,161.55,0.00
172.65.223.157,4,2,0.50,161.70,0.00
172.65.237.69,4,2,0.50,161.89,0.00
172.65.245.199,4,2,0.50,161.98,0.00
104.17.243.138,4,2,0.50,162.14,0.00
104.18.129.155,4,2,0.50,162.26,0.00
104.19.105.21,4,2,0.50,162.27,0.00
104.19.121.218,4,2,0.50,162.56,0.00
104.17.108.79,4,2,0.50,162.56,0.00
104.18.249.150,4,2,0.50,162.75,0.00
104.17.62.224,4,2,0.50,162.78,0.00
104.19.188.92,4,2,0.50,163.07,0.00
104.16.118.225,4,2,0.50,163.14,0.00
104.17.113.74,4,2,0.50,163.25,0.00
104.17.180.184,4,2,0.50,163.33,0.00
104.19.203.213,4,2,0.50,163.69,0.00
104.17.182.165,4,2,0.50,163.76,0.00
104.19.108.239,4,2,0.50,163.83,0.00
104.16.29.182,4,2,0.50,164.00,0.00
104.17.51.125,4,2,0.50,164.17,0.00
172.64.166.64,4,2,0.50,164.29,0.00
104.22.21.205,4,2,0.50,164.39,0.00
172.65.92.108,4,2,0.50,164.40,0.00
162.159.207.237,4,2,0.50,164.43,0.00
104.19.25.54,4,2,0.50,164.51,0.00
104.16.26.37,4,2,0.50,164.70,0.00
104.16.23.68,4,2,0.50,164.70,0.00
104.16.20.84,4,2,0.50,164.70,0.00
104.22.28.29,4,2,0.50,164.86,0.00
104.16.19.1,4,2,0.50,164.96,0.00
172.65.85.72,4,2,0.50,165.20,0.00
104.16.25.63,4,2,0.50,165.22,0.00
104.16.21.79,4,2,0.50,165.22,0.00
104.17.179.74,4,2,0.50,165.42,0.00
104.16.27.170,4,2,0.50,165.63,0.00
104.16.22.54,4,2,0.50,165.63,0.00
104.17.61.120,4,2,0.50,165.66,0.00
104.19.146.152,4,2,0.50,166.01,0.00
104.18.51.67,4,2,0.50,166.07,0.00
104.17.18.254,4,2,0.50,166.18,0.00
104.18.209.252,4,2,0.50,166.30,0.00
104.18.44.153,4,2,0.50,166.33,0.00
104.16.155.78,4,2,0.50,166.70,0.00
172.64.195.210,4,2,0.50,166.82,0.00
104.17.12.135,4,2,0.50,166.85,0.00
104.22.27.176,4,2,0.50,166.96,0.00
104.18.220.162,4,2,0.50,167.20,0.00
104.22.23.52,4,2,0.50,167.25,0.00
104.19.4.127,4,2,0.50,167.61,0.00
104.22.30.60,4,2,0.50,167.84,0.00
104.19.123.177,4,2,0.50,167.89,0.00
104.18.180.120,4,2,0.50,168.26,0.00
104.18.72.52,4,2,0.50,169.08,0.00
162.159.62.181,4,2,0.50,169.35,0.00
172.64.174.206,4,2,0.50,169.47,0.00
104.18.17.219,4,2,0.50,169.54,0.00
104.18.23.79,4,2,0.50,170.18,0.00
104.19.42.209,4,2,0.50,170.42,0.00
104.19.47.109,4,2,0.50,171.30,0.00
104.22.16.64,4,2,0.50,171.42,0.00
162.159.5.186,4,2,0.50,171.49,0.00
104.21.233.82,4,2,0.50,171.53,0.00
104.18.133.137,4,2,0.50,172.03,0.00
172.65.87.179,4,2,0.50,172.12,0.00
104.19.23.167,4,2,0.50,172.79,0.00
104.22.26.52,4,2,0.50,173.13,0.00
104.18.190.78,4,2,0.50,173.88,0.00
104.18.41.12,4,2,0.50,174.30,0.00
104.19.58.229,4,2,0.50,174.66,0.00
104.17.136.45,4,2,0.50,175.30,0.00
104.19.15.90,4,2,0.50,175.47,0.00
104.17.43.35,4,2,0.50,175.62,0.00
104.19.200.207,4,2,0.50,176.24,0.00
162.159.196.170,4,2,0.50,179.51,0.00
104.16.214.210,4,2,0.50,180.40,0.00
104.18.114.202,4,2,0.50,181.27,0.00
104.18.126.52,4,2,0.50,182.31,0.00
162.159.128.189,4,2,0.50,183.14,0.00
104.21.16.152,4,2,0.50,186.26,0.00
104.21.88.78,4,2,0.50,186.92,0.00
104.21.10.212,4,2,0.50,189.74,0.00
104.21.4.233,4,2,0.50,192.02,0.00
172.67.190.78,4,2,0.50,192.55,0.00
104.21.86.7,4,2,0.50,192.77,0.00
172.67.150.200,4,2,0.50,193.96,0.00
104.21.97.117,4,2,0.50,194.54,0.00
172.67.144.3,4,2,0.50,194.62,0.00
172.67.158.225,4,2,0.50,196.08,0.00
172.67.166.187,4,2,0.50,196.54,0.00
104.21.109.73,4,2,0.50,196.72,0.00
104.21.83.238,4,2,0.50,197.92,0.00
172.67.142.200,4,2,0.50,198.55,0.00
172.67.156.70,4,2,0.50,199.28,0.00
172.65.0.79,4,2,0.50,200.60,0.00
172.65.57.27,4,2,0.50,200.66,0.00
172.67.162.74,4,2,0.50,202.09,0.00
104.21.85.173,4,2,0.50,202.27,0.00
172.67.191.166,4,2,0.50,202.41,0.00
172.65.3.2,4,2,0.50,202.48,0.00
104.21.202.213,4,2,0.50,202.74,0.00
104.21.87.152,4,2,0.50,203.22,0.00
172.67.159.128,4,2,0.50,204.12,0.00
172.67.202.116,4,2,0.50,205.81,0.00
172.67.201.108,4,2,0.50,205.81,0.00
104.21.89.215,4,2,0.50,206.31,0.00
104.21.80.31,4,2,0.50,206.68,0.00
172.67.188.182,4,2,0.50,207.59,0.00
172.67.157.183,4,2,0.50,207.79,0.00
172.65.18.75,4,2,0.50,208.45,0.00
172.65.5.190,4,2,0.50,208.48,0.00
172.65.39.234,4,2,0.50,209.79,0.00
104.21.12.115,4,2,0.50,210.23,0.00
104.25.212.129,4,2,0.50,210.25,0.00
172.67.199.253,4,2,0.50,210.25,0.00
172.67.160.203,4,2,0.50,210.28,0.00
104.27.111.127,4,2,0.50,210.48,0.00
104.21.108.9,4,2,0.50,210.49,0.00
104.21.49.46,4,2,0.50,210.67,0.00
104.21.111.127,4,2,0.50,210.87,0.00
172.65.37.128,4,2,0.50,210.87,0.00
172.67.171.44,4,2,0.50,211.09,0.00
172.65.63.197,4,2,0.50,211.32,0.00
104.25.114.160,4,2,0.50,211.32,0.00
172.67.139.157,4,2,0.50,212.09,0.00
104.21.84.221,4,2,0.50,212.33,0.00
172.65.1.244,4,2,0.50,212.53,0.00
172.65.51.6,4,2,0.50,212.61,0.00
172.66.140.37,4,2,0.50,212.74,0.00
104.27.194.104,4,2,0.50,213.06,0.00
104.25.49.107,4,2,0.50,213.26,0.00
172.67.221.50,4,2,0.50,213.26,0.00
172.65.10.77,4,2,0.50,213.49,0.00
104.20.218.138,4,2,0.50,213.64,0.00
172.65.19.61,4,2,0.50,213.99,0.00
172.67.51.58,4,2,0.50,214.41,0.00
104.27.66.162,4,2,0.50,214.44,0.00
104.21.112.242,4,2,0.50,214.48,0.00
172.65.28.244,4,2,0.50,214.50,0.00
104.27.116.68,4,2,0.50,214.51,0.00
104.21.37.140,4,2,0.50,214.51,0.00
104.21.92.222,4,2,0.50,214.58,0.00
104.25.118.222,4,2,0.50,214.96,0.00
104.24.229.165,4,2,0.50,215.00,0.00
162.159.42.51,4,2,0.50,215.35,0.00
172.67.104.67,4,2,0.50,215.41,0.00
172.65.8.202,4,2,0.50,215.54,0.00
172.65.79.25,4,2,0.50,215.83,0.00
104.26.8.83,4,2,0.50,215.99,0.00
172.67.155.231,4,2,0.50,216.00,0.00
104.27.206.188,4,2,0.50,216.36,0.00
172.67.151.141,4,2,0.50,216.40,0.00
104.20.48.141,4,2,0.50,216.43,0.00
104.20.89.52,4,2,0.50,216.52,0.00
104.27.99.108,4,2,0.50,216.61,0.00
104.21.13.107,4,2,0.50,216.62,0.00
172.67.101.241,4,2,0.50,216.71,0.00
104.22.6.247,4,2,0.50,216.81,0.00
104.20.116.9,4,2,0.50,217.09,0.00
104.26.1.125,4,2,0.50,217.13,0.00
172.67.182.169,4,2,0.50,217.21,0.00
172.66.137.173,4,2,0.50,217.23,0.00
104.25.122.204,4,2,0.50,217.26,0.00
104.27.74.10,4,2,0.50,217.31,0.00
172.67.178.99,4,2,0.50,217.40,0.00
104.25.159.28,4,2,0.50,217.44,0.00
172.65.163.59,4,2,0.50,217.68,0.00
172.67.105.131,4,2,0.50,217.72,0.00
172.67.12.175,4,2,0.50,218.02,0.00
104.27.207.204,4,2,0.50,218.07,0.00
104.21.40.124,4,2,0.50,218.18,0.00
172.67.78.168,4,2,0.50,218.36,0.00
172.65.44.124,4,2,0.50,218.42,0.00
172.65.127.62,4,2,0.50,218.56,0.00
104.21.79.217,4,2,0.50,218.57,0.00
104.20.62.223,4,2,0.50,218.67,0.00
172.65.117.194,4,2,0.50,218.73,0.00
172.67.99.140,4,2,0.50,218.97,0.00
104.20.248.47,4,2,0.50,218.98,0.00
104.25.218.170,4,2,0.50,219.12,0.00
104.25.219.87,4,2,0.50,219.12,0.00
104.20.163.149,4,2,0.50,219.14,0.00
172.67.154.43,4,2,0.50,219.17,0.00
172.66.164.213,4,2,0.50,219.28,0.00
104.20.125.113,4,2,0.50,219.32,0.00
172.67.82.191,4,2,0.50,219.34,0.00
104.25.0.180,4,2,0.50,219.35,0.00
104.20.114.21,4,2,0.50,219.40,0.00
104.24.34.230,4,2,0.50,219.44,0.00
104.24.232.31,4,2,0.50,219.45,0.00
172.67.63.219,4,2,0.50,219.50,0.00
104.22.79.94,4,2,0.50,219.53,0.00
104.21.24.249,4,2,0.50,219.54,0.00
104.27.199.129,4,2,0.50,219.71,0.00
172.67.220.148,4,2,0.50,219.75,0.00
104.24.77.199,4,2,0.50,219.76,0.00
172.67.94.26,4,2,0.50,219.79,0.00
172.67.85.167,4,2,0.50,219.86,0.00
104.22.12.109,4,2,0.50,219.92,0.00
104.27.94.31,4,2,0.50,219.92,0.00
104.20.31.136,4,2,0.50,219.93,0.00
172.67.65.185,4,2,0.50,220.03,0.00
104.25.255.214,4,2,0.50,220.03,0.00
104.25.11.190,4,2,0.50,220.04,0.00
104.25.123.221,4,2,0.50,220.07,0.00
104.25.38.156,4,2,0.50,220.25,0.00
104.24.241.152,4,2,0.50,220.27,0.00
172.65.174.140,4,2,0.50,220.29,0.00
104.25.170.212,4,2,0.50,220.29,0.00
172.67.109.17,4,2,0.50,220.31,0.00
104.25.121.232,4,2,0.50,220.43,0.00
172.67.9.73,4,2,0.50,220.69,0.00
104.27.67.106,4,2,0.50,220.72,0.00
172.67.83.55,4,2,0.50,220.75,0.00
172.67.200.17,4,2,0.50,220.78,0.00
104.25.251.52,4,2,0.50,220.98,0.00
172.67.103.81,4,2,0.50,221.01,0.00
104.20.208.42,4,2,0.50,221.03,0.00
104.25.220.60,4,2,0.50,221.18,0.00
104.25.222.2,4,2,0.50,221.20,0.00
172.67.72.146,4,2,0.50,221.25,0.00
172.67.100.189,4,2,0.50,221.34,0.00
172.67.86.230,4,2,0.50,221.34,0.00
172.65.115.135,4,2,0.50,221.41,0.00
104.25.231.168,4,2,0.50,221.42,0.00
104.21.6.73,4,2,0.50,221.50,0.00
172.66.156.169,4,2,0.50,221.71,0.00
172.67.67.127,4,2,0.50,221.79,0.00
104.24.81.148,4,2,0.50,221.88,0.00
104.25.221.167,4,2,0.50,221.92,0.00
104.20.35.191,4,2,0.50,221.96,0.00
104.25.225.226,4,2,0.50,221.98,0.00
162.159.80.185,4,2,0.50,221.98,0.00
172.67.165.124,4,2,0.50,222.03,0.00
104.27.120.46,4,2,0.50,222.17,0.00
172.67.61.214,4,2,0.50,222.37,0.00
172.67.79.186,4,2,0.50,222.39,0.00
104.25.77.176,4,2,0.50,222.40,0.00
172.67.140.217,4,2,0.50,222.43,0.00
172.65.113.97,4,2,0.50,222.54,0.00
172.65.182.66,4,2,0.50,222.60,0.00
104.24.209.171,4,2,0.50,222.62,0.00
104.24.215.145,4,2,0.50,222.80,0.00
104.26.11.55,4,2,0.50,222.84,0.00
104.25.226.121,4,2,0.50,222.84,0.00
104.27.205.234,4,2,0.50,222.87,0.00
104.25.119.155,4,2,0.50,222.89,0.00
104.25.28.200,4,2,0.50,222.90,0.00
104.27.57.166,4,2,0.50,222.91,0.00
172.65.188.55,4,2,0.50,222.95,0.00
104.22.8.117,4,2,0.50,222.98,0.00
104.25.247.171,4,2,0.50,223.12,0.00
104.20.26.70,4,2,0.50,223.13,0.00
172.67.84.187,4,2,0.50,223.17,0.00
162.159.205.177,4,2,0.50,223.26,0.00
104.24.133.29,4,2,0.50,223.36,0.00
104.27.76.237,4,2,0.50,223.38,0.00
172.67.126.207,4,2,0.50,223.42,0.00
172.67.13.9,4,2,0.50,223.44,0.00
172.65.161.192,4,2,0.50,223.46,0.00
104.25.139.44,4,2,0.50,223.53,0.00
172.67.111.248,4,2,0.50,223.59,0.00
104.27.0.227,4,2,0.50,223.59,0.00
104.24.134.206,4,2,0.50,223.62,0.00
104.20.152.225,4,2,0.50,223.66,0.00
172.65.164.121,4,2,0.50,223.67,0.00
172.67.193.37,4,2,0.50,223.78,0.00
104.20.190.146,4,2,0.50,223.78,0.00
104.27.109.55,4,2,0.50,223.84,0.00
172.65.62.145,4,2,0.50,223.88,0.00
104.24.138.104,4,2,0.50,223.88,0.00
104.25.106.214,4,2,0.50,223.95,0.00
172.66.203.193,4,2,0.50,224.04,0.00
104.24.201.55,4,2,0.50,224.12,0.00
172.67.80.139,4,2,0.50,224.14,0.00
172.65.146.131,4,2,0.50,224.14,0.00
104.27.101.244,4,2,0.50,224.31,0.00
104.25.117.37,4,2,0.50,224.31,0.00
172.65.141.191,4,2,0.50,224.33,0.00
104.24.4.237,4,2,0.50,224.36,0.00
104.25.32.234,4,2,0.50,224.48,0.00
104.26.9.158,4,2,0.50,224.52,0.00
104.25.216.101,4,2,0.50,224.68,0.00
172.65.110.163,4,2,0.50,224.77,0.00
104.22.40.157,4,2,0.50,224.88,0.00
104.23.121.159,4,2,0.50,224.92,0.00
104.27.62.113,4,2,0.50,224.95,0.00
104.22.65.66,4,2,0.50,225.04,0.00
104.24.135.243,4,2,0.50,225.17,0.00
104.25.44.25,4,2,0.50,225.17,0.00
104.20.186.133,4,2,0.50,225.28,0.00
104.25.46.251,4,2,0.50,225.32,0.00
104.24.17.55,4,2,0.50,225.34,0.00
104.20.136.91,4,2,0.50,225.35,0.00
172.66.169.6,4,2,0.50,225.39,0.00
172.65.155.6,4,2,0.50,225.49,0.00
104.24.22.103,4,2,0.50,225.54,0.00
104.21.30.47,4,2,0.50,225.55,0.00
104.24.37.69,4,2,0.50,225.71,0.00
172.66.163.146,4,2,0.50,225.80,0.00
104.25.211.210,4,2,0.50,226.04,0.00
104.20.88.161,4,2,0.50,226.12,0.00
172.67.133.39,4,2,0.50,226.19,0.00
162.159.34.93,4,2,0.50,226.22,0.00
172.65.154.187,4,2,0.50,226.27,0.00
104.25.214.73,4,2,0.50,226.28,0.00
172.66.158.182,4,2,0.50,226.36,0.00
104.25.15.37,4,2,0.50,226.36,0.00
104.25.113.215,4,2,0.50,226.36,0.00
104.25.112.86,4,2,0.50,226.38,0.00
172.65.152.109,4,2,0.50,226.40,0.00
104.24.235.199,4,2,0.50,226.40,0.00
172.66.205.218,4,2,0.50,226.41,0.00
104.22.64.223,4,2,0.50,226.46,0.00
104.20.246.176,4,2,0.50,226.58,0.00
104.25.209.116,4,2,0.50,226.84,0.00
104.25.213.8,4,2,0.50,226.91,0.00
104.21.38.149,4,2,0.50,226.93,0.00
172.66.162.118,4,2,0.50,227.01,0.00
104.27.114.6,4,2,0.50,227.07,0.00
104.25.115.23,4,2,0.50,227.08,0.00
104.25.40.6,4,2,0.50,227.15,0.00
104.24.239.212,4,2,0.50,227.37,0.00
104.20.209.151,4,2,0.50,227.39,0.00
172.66.168.75,4,2,0.50,227.40,0.00
104.25.208.75,4,2,0.50,227.54,0.00
172.67.60.157,4,2,0.50,227.66,0.00
104.25.105.19,4,2,0.50,227.69,0.00
104.27.204.200,4,2,0.50,227.90,0.00
104.25.59.217,4,2,0.50,227.94,0.00
172.67.77.144,4,2,0.50,227.96,0.00
104.25.86.190,4,2,0.50,227.98,0.00
104.24.202.202,4,2,0.50,228.02,0.00
104.20.16.139,4,2,0.50,228.22,0.00
172.65.116.209,4,2,0.50,228.41,0.00
104.20.29.118,4,2,0.50,228.46,0.00
104.25.227.134,4,2,0.50,228.48,0.00
172.65.133.202,4,2,0.50,228.49,0.00
172.65.132.49,4,2,0.50,228.49,0.00
104.24.231.5,4,2,0.50,228.60,0.00
104.25.39.215,4,2,0.50,228.62,0.00
172.67.95.57,4,2,0.50,228.62,0.00
104.24.137.4,4,2,0.50,228.62,0.00
104.25.45.238,4,2,0.50,228.66,0.00
104.27.58.56,4,2,0.50,228.73,0.00
104.20.179.2,4,2,0.50,228.84,0.00
104.25.206.239,4,2,0.50,229.09,0.00
172.66.211.249,4,2,0.50,229.09,0.00
104.27.79.186,4,2,0.50,229.10,0.00
104.27.47.91,4,2,0.50,229.18,0.00
104.25.235.25,4,2,0.50,229.21,0.00
104.25.228.147,4,2,0.50,229.35,0.00
104.24.50.75,4,2,0.50,229.59,0.00
104.27.71.188,4,2,0.50,229.70,0.00
104.24.207.188,4,2,0.50,230.13,0.00
104.25.205.151,4,2,0.50,230.18,0.00
104.25.249.3,4,2,0.50,230.22,0.00
104.25.111.191,4,2,0.50,230.32,0.00
104.24.94.242,4,2,0.50,230.41,0.00
104.22.3.29,4,2,0.50,230.44,0.00
104.22.4.82,4,2,0.50,230.47,0.00
104.24.0.37,4,2,0.50,230.48,0.00
104.24.54.185,4,2,0.50,230.65,0.00
104.22.0.55,4,2,0.50,230.74,0.00
104.25.245.23,4,2,0.50,231.05,0.00
104.24.173.158,4,2,0.50,231.25,0.00
104.27.22.178,4,2,0.50,231.49,0.00
172.66.208.151,4,2,0.50,231.51,0.00
172.65.128.48,4,2,0.50,231.76,0.00
172.65.123.8,4,2,0.50,231.76,0.00
172.65.125.82,4,2,0.50,231.76,0.00
172.65.137.162,4,2,0.50,231.88,0.00
104.27.65.148,4,2,0.50,232.35,0.00
104.20.28.149,4,2,0.50,232.39,0.00
172.67.96.77,4,2,0.50,232.63,0.00
104.20.15.5,4,2,0.50,232.65,0.00
172.66.143.135,4,2,0.50,233.91,0.00
104.24.196.50,4,2,0.50,233.95,0.00
172.67.76.128,4,2,0.50,234.44,0.00
104.25.34.246,4,2,0.50,234.63,0.00
104.25.33.51,4,2,0.50,234.80,0.00
172.67.120.7,4,2,0.50,234.93,0.00
104.24.74.207,4,2,0.50,235.22,0.00
104.24.129.22,4,2,0.50,235.42,0.00
104.20.245.153,4,2,0.50,235.53,0.00
104.25.253.197,4,2,0.50,235.54,0.00
104.26.7.155,4,2,0.50,235.57,0.00
172.67.110.135,4,2,0.50,235.57,0.00
104.24.132.242,4,2,0.50,235.62,0.00
104.26.0.144,4,2,0.50,235.80,0.00
104.25.42.166,4,2,0.50,235.92,0.00
104.25.120.227,4,2,0.50,236.65,0.00
172.67.97.109,4,2,0.50,237.37,0.00
104.25.35.82,4,2,0.50,238.70,0.00
104.20.140.203,4,2,0.50,238.85,0.00
104.26.12.44,4,2,0.50,239.17,0.00
104.24.33.175,4,2,0.50,239.21,0.00
104.24.128.64,4,2,0.50,239.76,0.00
104.25.223.170,4,2,0.50,241.01,0.00
104.27.4.9,4,2,0.50,243.22,0.00
172.67.108.74,4,2,0.50,243.29,0.00
104.24.39.90,4,2,0.50,243.36,0.00
104.20.86.253,4,2,0.50,247.44,0.00
104.16.116.20,4,1,0.75,143.84,0.00
104.16.157.236,4,1,0.75,148.74,0.00
104.16.63.123,4,1,0.75,149.44,0.00
104.19.19.215,4,1,0.75,150.04,0.00
104.16.162.103,4,1,0.75,150.16,0.00
104.17.251.136,4,1,0.75,150.53,0.00
104.17.114.227,4,1,0.75,151.43,0.00
104.19.198.161,4,1,0.75,151.45,0.00
104.17.184.104,4,1,0.75,151.80,0.00
104.17.213.206,4,1,0.75,151.92,0.00
104.17.248.190,4,1,0.75,152.98,0.00
104.16.64.41,4,1,0.75,153.16,0.00
172.65.241.0,4,1,0.75,153.27,0.00
172.65.253.116,4,1,0.75,153.59,0.00
104.19.96.133,4,1,0.75,153.66,0.00
104.16.156.111,4,1,0.75,153.79,0.00
104.19.210.253,4,1,0.75,153.97,0.00
172.65.255.160,4,1,0.75,154.16,0.00
104.19.235.115,4,1,0.75,154.60,0.00
104.19.194.104,4,1,0.75,154.86,0.00
172.65.84.4,4,1,0.75,155.00,0.00
104.16.236.183,4,1,0.75,155.01,0.00
104.17.24.41,4,1,0.75,155.21,0.00
104.18.200.33,4,1,0.75,155.24,0.00
172.65.218.183,4,1,0.75,155.32,0.00
104.17.244.120,4,1,0.75,155.49,0.00
104.19.113.65,4,1,0.75,155.50,0.00
104.19.209.4,4,1,0.75,155.53,0.00
104.19.20.154,4,1,0.75,155.84,0.00
104.16.103.30,4,1,0.75,155.95,0.00
104.19.92.78,4,1,0.75,155.97,0.00
104.16.228.115,4,1,0.75,156.23,0.00
104.16.229.58,4,1,0.75,156.23,0.00
104.19.32.254,4,1,0.75,156.30,0.00
104.19.27.45,4,1,0.75,156.30,0.00
104.19.16.171,4,1,0.75,156.35,0.00
104.16.171.218,4,1,0.75,156.39,0.00
104.18.197.210,4,1,0.75,156.48,0.00
104.19.99.146,4,1,0.75,156.63,0.00
104.17.183.91,4,1,0.75,156.73,0.00
104.16.234.175,4,1,0.75,156.74,0.00
104.18.253.97,4,1,0.75,156.99,0.00
104.18.198.52,4,1,0.75,156.99,0.00
104.18.202.32,4,1,0.75,156.99,0.00
104.19.24.89,4,1,0.75,157.00,0.00
104.19.31.117,4,1,0.75,157.03,0.00
162.159.195.233,4,1,0.75,157.22,0.00
172.65.221.82,4,1,0.75,157.23,0.00
104.16.98.28,4,1,0.75,157.34,0.00
104.18.12.120,4,1,0.75,157.51,0.00
104.18.199.112,4,1,0.75,157.51,0.00
172.65.254.29,4,1,0.75,157.59,0.00
104.16.123.204,4,1,0.75,157.63,0.00
104.16.122.160,4,1,0.75,157.63,0.00
172.65.229.163,4,1,0.75,157.76,0.00
104.16.158.72,4,1,0.75,157.80,0.00
104.19.11.124,4,1,0.75,157.87,0.00
104.19.222.95,4,1,0.75,157.89,0.00
104.19.231.51,4,1,0.75,157.89,0.00
104.17.245.69,4,1,0.75,158.14,0.00
104.18.82.149,4,1,0.75,158.26,0.00
104.19.26.132,4,1,0.75,158.43,0.00
104.18.204.166,4,1,0.75,158.54,0.00
172.67.33.197,4,1,0.75,158.59,0.00
104.16.97.157,4,1,0.75,158.74,0.00
104.17.33.98,4,1,0.75,158.76,0.00
104.18.81.108,4,1,0.75,158.76,0.00
104.18.89.80,4,1,0.75,158.79,0.00
104.22.31.58,4,1,0.75,158.95,0.00
104.19.94.33,4,1,0.75,158.97,0.00
104.19.29.124,4,1,0.75,158.97,0.00
172.65.217.234,4,1,0.75,159.03,0.00
172.65.251.169,4,1,0.75,159.16,0.00
104.17.247.10,4,1,0.75,159.17,0.00
172.65.80.63,4,1,0.75,159.18,0.00
104.16.232.174,4,1,0.75,159.28,0.00
104.18.85.103,4,1,0.75,159.29,0.00
104.18.78.161,4,1,0.75,159.29,0.00
104.18.186.7,4,1,0.75,159.41,0.00
104.17.151.92,4,1,0.75,159.49,0.00
104.18.254.131,4,1,0.75,159.58,0.00
104.17.6.227,4,1,0.75,159.61,0.00
104.17.8.0,4,1,0.75,159.61,0.00
104.16.99.253,4,1,0.75,159.72,0.00
104.16.96.53,4,1,0.75,159.78,0.00
104.18.97.86,4,1,0.75,159.81,0.00
104.19.38.150,4,1,0.75,159.83,0.00
104.17.116.237,4,1,0.75,160.00,0.00
104.18.137.118,4,1,0.75,160.01,0.00
104.19.5.117,4,1,0.75,160.01,0.00
104.19.93.73,4,1,0.75,160.01,0.00
104.16.62.21,4,1,0.75,160.06,0.00
104.19.21.93,4,1,0.75,160.21,0.00
104.17.214.134,4,1,0.75,160.29,0.00
104.18.86.96,4,1,0.75,160.32,0.00
104.19.104.63,4,1,0.75,160.33,0.00
104.16.235.77,4,1,0.75,160.58,0.00
104.19.226.189,4,1,0.75,160.60,0.00
104.19.196.86,4,1,0.75,160.72,0.00
104.18.79.41,4,1,0.75,160.73,0.00
162.159.245.226,4,1,0.75,160.75,0.00
104.17.28.166,4,1,0.75,160.81,0.00
104.18.134.58,4,1,0.75,160.96,0.00
172.65.247.167,4,1,0.75,160.98,0.00
104.19.101.241,4,1,0.75,161.05,0.00
104.19.220.183,4,1,0.75,161.11,0.00
104.18.208.36,4,1,0.75,161.25,0.00
172.67.19.33,4,1,0.75,161.30,0.00
104.17.148.185,4,1,0.75,161.57,0.00
104.19.14.155,4,1,0.75,161.65,0.00
104.19.13.23,4,1,0.75,161.65,0.00
104.19.214.151,4,1,0.75,161.69,0.00
104.18.131.158,4,1,0.75,161.93,0.00
104.16.100.4,4,1,0.75,162.02,0.00
104.19.112.235,4,1,0.75,162.02,0.00
104.19.110.25,4,1,0.75,162.02,0.00
104.19.17.156,4,1,0.75,162.15,0.00
172.67.47.173,4,1,0.75,162.26,0.00
172.67.37.58,4,1,0.75,162.27,0.00
104.16.220.188,4,1,0.75,162.31,0.00
104.18.207.130,4,1,0.75,162.40,0.00
104.19.8.113,4,1,0.75,162.50,0.00
104.18.210.185,4,1,0.75,162.50,0.00
104.18.206.41,4,1,0.75,162.92,0.00
104.17.26.247,4,1,0.75,162.98,0.00
104.19.3.194,4,1,0.75,163.00,0.00
104.19.224.178,4,1,0.75,163.04,0.00
104.19.223.85,4,1,0.75,163.04,0.00
104.16.94.135,4,1,0.75,163.14,0.00
104.18.5.51,4,1,0.75,163.28,0.00
104.18.205.175,4,1,0.75,163.37,0.00
104.19.213.44,4,1,0.75,163.45,0.00
104.18.187.26,4,1,0.75,163.49,0.00
172.67.24.33,4,1,0.75,163.50,0.00
172.67.32.251,4,1,0.75,163.61,0.00
172.65.236.229,4,1,0.75,163.64,0.00
104.17.34.232,4,1,0.75,163.65,0.00
104.16.219.217,4,1,0.75,163.88,0.00
104.19.205.182,4,1,0.75,163.95,0.00
104.19.206.35,4,1,0.75,163.95,0.00
104.18.183.30,4,1,0.75,163.99,0.00
104.19.111.33,4,1,0.75,164.38,0.00
172.64.193.52,4,1,0.75,164.41,0.00
104.19.126.216,4,1,0.75,164.56,0.00
104.19.18.182,4,1,0.75,164.74,0.00
104.16.253.249,4,1,0.75,164.74,0.00
104.19.6.60,4,1,0.75,164.90,0.00
104.19.193.94,4,1,0.75,164.95,0.00
104.16.35.191,4,1,0.75,164.97,0.00
104.19.98.58,4,1,0.75,165.07,0.00
172.67.40.212,4,1,0.75,165.10,0.00
104.16.34.157,4,1,0.75,165.11,0.00
104.16.92.13,4,1,0.75,165.12,0.00
104.18.194.166,4,1,0.75,165.12,0.00
104.18.195.232,4,1,0.75,165.12,0.00
104.16.238.111,4,1,0.75,165.26,0.00
104.19.30.9,4,1,0.75,165.38,0.00
104.18.201.213,4,1,0.75,165.44,0.00
104.18.214.134,4,1,0.75,165.46,0.00
104.21.231.138,4,1,0.75,165.54,0.00
104.19.201.88,4,1,0.75,165.69,0.00
104.19.215.88,4,1,0.75,165.76,0.00
104.19.212.45,4,1,0.75,165.76,0.00
104.19.211.20,4,1,0.75,165.76,0.00
104.17.7.107,4,1,0.75,165.78,0.00
104.19.149.205,4,1,0.75,165.88,0.00
104.19.1.188,4,1,0.75,165.93,0.00
104.18.212.169,4,1,0.75,165.93,0.00
104.19.7.150,4,1,0.75,165.93,0.00
104.18.255.226,4,1,0.75,165.95,0.00
104.18.203.151,4,1,0.75,165.95,0.00
104.19.107.83,4,1,0.75,166.20,0.00
104.16.240.184,4,1,0.75,166.30,0.00
104.16.248.164,4,1,0.75,166.30,0.00
104.19.9.181,4,1,0.75,166.43,0.00
104.22.17.210,4,1,0.75,166.47,0.00
104.19.116.80,4,1,0.75,166.52,0.00
104.19.207.76,4,1,0.75,166.58,0.00
104.19.157.103,4,1,0.75,166.58,0.00
104.18.196.246,4,1,0.75,166.97,0.00
104.16.91.210,4,1,0.75,166.98,0.00
104.18.128.118,4,1,0.75,166.99,0.00
104.18.191.87,4,1,0.75,166.99,0.00
104.19.117.82,4,1,0.75,167.03,0.00
172.67.23.45,4,1,0.75,167.10,0.00
104.16.221.138,4,1,0.75,167.19,0.00
104.19.204.247,4,1,0.75,167.47,0.00
104.19.144.59,4,1,0.75,167.54,0.00
172.67.21.190,4,1,0.75,167.62,0.00
104.18.11.129,4,1,0.75,167.71,0.00
104.16.167.118,4,1,0.75,167.80,0.00
104.22.20.77,4,1,0.75,167.84,0.00
104.21.232.159,4,1,0.75,167.93,0.00
104.19.120.178,4,1,0.75,168.06,0.00
104.19.109.41,4,1,0.75,168.23,0.00
104.18.13.105,4,1,0.75,168.30,0.00
104.17.192.235,4,1,0.75,168.30,0.00
172.67.45.138,4,1,0.75,168.32,0.00
104.18.0.118,4,1,0.75,168.48,0.00
104.17.0.59,4,1,0.75,168.64,0.00
104.16.90.238,4,1,0.75,168.91,0.00
104.17.115.95,4,1,0.75,168.91,0.00
104.19.199.164,4,1,0.75,169.10,0.00
104.17.31.230,4,1,0.75,169.21,0.00
104.17.25.24,4,1,0.75,169.21,0.00
104.19.115.141,4,1,0.75,169.70,0.00
104.16.225.93,4,1,0.75,169.73,0.00
104.17.36.205,4,1,0.75,170.07,0.00
104.16.108.108,4,1,0.75,170.23,0.00
104.19.2.73,4,1,0.75,170.41,0.00
104.22.18.37,4,1,0.75,171.04,0.00
104.19.127.198,4,1,0.75,171.11,0.00
172.67.34.27,4,1,0.75,171.28,0.00
172.65.90.159,4,1,0.75,171.35,0.00
104.18.3.120,4,1,0.75,171.36,0.00
104.18.4.138,4,1,0.75,171.36,0.00
104.18.130.11,4,1,0.75,171.51,0.00
104.19.202.202,4,1,0.75,171.53,0.00
104.16.223.202,4,1,0.75,171.79,0.00
104.19.208.161,4,1,0.75,171.81,0.00
104.18.192.32,4,1,0.75,172.01,0.00
104.18.189.216,4,1,0.75,172.01,0.00
104.17.16.104,4,1,0.75,172.28,0.00
104.19.102.210,4,1,0.75,172.38,0.00
104.17.190.176,4,1,0.75,172.39,0.00
104.18.10.4,4,1,0.75,172.53,0.00
104.18.188.46,4,1,0.75,172.53,0.00
104.22.29.127,4,1,0.75,172.61,0.00
104.19.147.233,4,1,0.75,172.77,0.00
104.17.59.88,4,1,0.75,173.01,0.00
104.19.239.197,4,1,0.75,173.23,0.00
104.16.33.44,4,1,0.75,173.24,0.00
104.19.150.233,4,1,0.75,173.79,0.00
104.19.118.27,4,1,0.75,173.79,0.00
162.159.6.3,4,1,0.75,173.88,0.00
172.67.46.228,4,1,0.75,173.94,0.00
104.18.213.106,4,1,0.75,174.17,0.00
162.159.248.206,4,1,0.75,174.36,0.00
172.65.232.6,4,1,0.75,174.50,0.00
104.16.222.112,4,1,0.75,174.55,0.00
104.22.24.159,4,1,0.75,174.70,0.00
104.19.145.143,4,1,0.75,175.15,0.00
104.19.140.27,4,1,0.75,175.79,0.00
104.18.102.164,4,1,0.75,177.05,0.00
104.18.8.154,4,1,0.75,177.06,0.00
104.19.131.153,4,1,0.75,177.12,0.00
104.19.132.212,4,1,0.75,177.12,0.00
172.64.202.220,4,1,0.75,177.41,0.00
104.18.106.10,4,1,0.75,177.55,0.00
104.18.104.225,4,1,0.75,177.55,0.00
104.18.98.25,4,1,0.75,177.55,0.00
104.18.1.19,4,1,0.75,177.99,0.00
104.18.88.98,4,1,0.75,178.06,0.00
104.18.94.57,4,1,0.75,178.08,0.00
104.18.103.26,4,1,0.75,178.08,0.00
104.18.92.68,4,1,0.75,178.08,0.00
104.19.245.36,4,1,0.75,178.17,0.00
162.159.2.108,4,1,0.75,178.24,0.00
104.17.54.94,4,1,0.75,178.39,0.00
104.21.224.151,4,1,0.75,178.47,0.00
104.17.117.67,4,1,0.75,178.50,0.00
104.18.84.14,4,1,0.75,178.58,0.00
104.18.109.113,4,1,0.75,178.59,0.00
104.17.121.61,4,1,0.75,178.82,0.00
162.159.19.198,4,1,0.75,178.94,0.00
104.17.19.109,4,1,0.75,178.97,0.00
104.18.100.19,4,1,0.75,179.11,0.00
104.18.107.52,4,1,0.75,179.11,0.00
104.19.129.250,4,1,0.75,179.19,0.00
104.17.41.224,4,1,0.75,179.35,0.00
104.17.56.209,4,1,0.75,179.53,0.00
104.18.184.146,4,1,0.75,179.58,0.00
104.18.80.225,4,1,0.75,179.80,0.00
104.16.89.130,4,1,0.75,179.94,0.00
104.19.125.91,4,1,0.75,180.26,0.00
104.19.124.58,4,1,0.75,180.26,0.00
104.18.110.243,4,1,0.75,180.31,0.00
104.18.99.85,4,1,0.75,180.31,0.00
172.67.27.152,4,1,0.75,180.51,0.00
104.19.130.49,4,1,0.75,180.90,0.00
104.19.136.171,4,1,0.75,180.90,0.00
104.18.221.103,4,1,0.75,180.91,0.00
104.18.108.254,4,1,0.75,181.04,0.00
104.18.105.183,4,1,0.75,181.04,0.00
104.18.83.139,4,1,0.75,181.56,0.00
104.18.111.241,4,1,0.75,181.56,0.00
104.18.112.145,4,1,0.75,182.09,0.00
104.19.134.119,4,1,0.75,182.32,0.00
104.18.115.85,4,1,0.75,182.69,0.00
104.18.116.135,4,1,0.75,182.69,0.00
104.19.122.159,4,1,0.75,182.71,0.00
104.17.118.180,4,1,0.75,182.74,0.00
104.17.44.42,4,1,0.75,183.15,0.00
172.67.44.82,4,1,0.75,183.29,0.00
104.19.142.153,4,1,0.75,183.35,0.00
104.22.25.192,4,1,0.75,184.10,0.00
104.18.6.54,4,1,0.75,184.88,0.00
104.18.127.182,4,1,0.75,185.38,0.00
172.67.137.170,4,1,0.75,185.76,0.00
104.16.88.241,4,1,0.75,186.60,0.00
104.19.137.19,4,1,0.75,187.58,0.00
104.21.104.172,4,1,0.75,188.56,0.00
104.18.144.248,4,1,0.75,188.63,0.00
104.19.138.104,4,1,0.75,190.87,0.00
104.19.141.153,4,1,0.75,190.87,0.00
104.16.249.14,4,1,0.75,190.93,0.00
104.18.30.1,4,1,0.75,192.37,0.00
104.18.120.233,4,1,0.75,192.44,0.00
172.65.50.113,4,1,0.75,192.60,0.00
104.18.182.133,4,1,0.75,193.49,0.00
172.67.161.30,4,1,0.75,193.84,0.00
104.18.124.106,4,1,0.75,194.32,0.00
104.21.25.57,4,1,0.75,194.50,0.00
162.159.253.176,4,1,0.75,195.07,0.00
104.19.135.134,4,1,0.75,196.23,0.00
172.67.134.44,4,1,0.75,196.46,0.00
104.21.35.125,4,1,0.75,196.50,0.00
172.65.45.111,4,1,0.75,197.27,0.00
172.67.146.87,4,1,0.75,198.35,0.00
104.18.122.221,4,1,0.75,198.86,0.00
172.67.129.11,4,1,0.75,198.96,0.00
104.21.26.80,4,1,0.75,199.54,0.00
104.21.117.159,4,1,0.75,201.04,0.00
104.21.116.88,4,1,0.75,201.04,0.00
104.21.21.57,4,1,0.75,201.08,0.00
104.21.215.143,4,1,0.75,201.75,0.00
104.21.208.177,4,1,0.75,201.75,0.00
104.21.39.241,4,1,0.75,202.65,0.00
172.65.52.123,4,1,0.75,202.94,0.00
172.65.35.179,4,1,0.75,203.63,0.00
104.21.197.219,4,1,0.75,203.64,0.00
104.21.220.116,4,1,0.75,204.18,0.00
104.21.216.33,4,1,0.75,204.76,0.00
172.65.31.184,4,1,0.75,205.43,0.00
104.21.219.174,4,1,0.75,205.96,0.00
104.21.56.172,4,1,0.75,207.76,0.00
104.24.253.253,4,1,0.75,208.28,0.00
172.65.23.246,4,1,0.75,209.26,0.00
172.65.46.158,4,1,0.75,209.44,0.00
172.67.143.85,4,1,0.75,209.77,0.00
104.25.67.142,4,1,0.75,209.98,0.00
104.24.249.224,4,1,0.75,210.90,0.00
104.21.210.170,4,1,0.75,210.96,0.00
172.65.9.57,4,1,0.75,211.32,0.00
104.20.210.179,4,1,0.75,211.34,0.00
104.20.180.8,4,1,0.75,211.48,0.00
104.21.114.94,4,1,0.75,211.59,0.00
104.25.53.176,4,1,0.75,211.95,0.00
104.21.113.85,4,1,0.75,212.12,0.00
172.65.48.49,4,1,0.75,212.42,0.00
172.65.7.39,4,1,0.75,212.43,0.00
172.67.128.151,4,1,0.75,212.74,0.00
104.21.101.145,4,1,0.75,212.75,0.00
172.65.14.248,4,1,0.75,212.94,0.00
104.21.102.179,4,1,0.75,212.98,0.00
172.67.169.250,4,1,0.75,213.28,0.00
104.21.18.226,4,1,0.75,213.43,0.00
104.25.242.69,4,1,0.75,213.53,0.00
104.20.185.3,4,1,0.75,213.99,0.00
104.21.120.245,4,1,0.75,214.22,0.00
104.24.185.115,4,1,0.75,214.67,0.00
104.25.246.23,4,1,0.75,214.76,0.00
104.24.160.26,4,1,0.75,214.76,0.00
104.25.130.173,4,1,0.75,215.13,0.00
104.24.49.248,4,1,0.75,215.13,0.00
104.21.212.192,4,1,0.75,215.14,0.00
172.65.43.102,4,1,0.75,215.40,0.00
172.67.141.90,4,1,0.75,215.55,0.00
104.20.33.226,4,1,0.75,215.90,0.00
104.21.33.177,4,1,0.75,215.90,0.00
104.27.123.32,4,1,0.75,216.04,0.00
104.21.106.49,4,1,0.75,216.06,0.00
104.24.16.197,4,1,0.75,216.07,0.00
104.25.237.187,4,1,0.75,216.26,0.00
104.24.175.131,4,1,0.75,216.51,0.00
104.24.174.174,4,1,0.75,216.56,0.00
104.21.23.196,4,1,0.75,216.64,0.00
104.20.90.104,4,1,0.75,217.12,0.00
172.65.162.67,4,1,0.75,217.13,0.00
172.65.78.92,4,1,0.75,217.23,0.00
104.25.233.240,4,1,0.75,217.40,0.00
104.21.105.66,4,1,0.75,217.60,0.00
104.27.110.8,4,1,0.75,217.74,0.00
104.20.217.46,4,1,0.75,217.82,0.00
172.67.148.187,4,1,0.75,217.87,0.00
104.25.248.210,4,1,0.75,217.88,0.00
172.65.106.119,4,1,0.75,217.93,0.00
104.27.103.91,4,1,0.75,217.95,0.00
104.20.205.80,4,1,0.75,218.23,0.00
104.22.74.214,4,1,0.75,218.34,0.00
104.21.206.86,4,1,0.75,218.34,0.00
172.65.145.245,4,1,0.75,218.60,0.00
104.21.20.75,4,1,0.75,218.64,0.00
104.20.181.163,4,1,0.75,218.73,0.00
104.24.63.180,4,1,0.75,218.74,0.00
172.65.27.184,4,1,0.75,218.82,0.00
172.65.15.48,4,1,0.75,218.91,0.00
104.20.191.239,4,1,0.75,219.02,0.00
104.24.72.153,4,1,0.75,219.12,0.00
172.65.105.42,4,1,0.75,219.33,0.00
104.22.38.93,4,1,0.75,219.37,0.00
172.65.58.245,4,1,0.75,219.43,0.00
104.24.252.57,4,1,0.75,219.57,0.00
104.27.100.104,4,1,0.75,219.60,0.00
104.27.90.173,4,1,0.75,219.77,0.00
104.24.248.177,4,1,0.75,219.82,0.00
104.21.107.46,4,1,0.75,220.00,0.00
104.25.13.17,4,1,0.75,220.20,0.00
104.20.24.134,4,1,0.75,220.61,0.00
172.66.31.90,4,1,0.75,220.77,0.00
104.27.195.60,4,1,0.75,220.92,0.00
104.27.6.64,4,1,0.75,220.93,0.00
104.25.177.168,4,1,0.75,220.95,0.00
104.25.171.252,4,1,0.75,221.03,0.00
172.67.130.8,4,1,0.75,221.12,0.00
172.67.131.4,4,1,0.75,221.12,0.00
172.67.118.215,4,1,0.75,221.30,0.00
104.22.7.232,4,1,0.75,221.41,0.00
104.25.146.200,4,1,0.75,221.56,0.00
104.27.198.97,4,1,0.75,221.58,0.00
104.20.206.234,4,1,0.75,221.72,0.00
104.27.125.160,4,1,0.75,221.74,0.00
104.20.108.33,4,1,0.75,221.89,0.00
104.27.64.31,4,1,0.75,221.93,0.00
104.24.66.63,4,1,0.75,222.17,0.00
104.24.51.129,4,1,0.75,222.18,0.00
104.20.200.141,4,1,0.75,222.20,0.00
104.27.11.89,4,1,0.75,222.29,0.00
104.22.14.167,4,1,0.75,222.32,0.00
104.22.75.67,4,1,0.75,222.32,0.00
104.24.158.200,4,1,0.75,222.51,0.00
104.27.21.111,4,1,0.75,222.56,0.00
104.24.62.200,4,1,0.75,222.71,0.00
104.24.178.196,4,1,0.75,222.93,0.00
104.24.179.38,4,1,0.75,222.93,0.00
104.20.106.225,4,1,0.75,223.00,0.00
104.26.4.242,4,1,0.75,223.01,0.00
104.27.115.133,4,1,0.75,223.07,0.00
104.27.121.132,4,1,0.75,223.14,0.00
104.25.52.191,4,1,0.75,223.14,0.00
104.24.251.141,4,1,0.75,223.20,0.00
104.27.92.138,4,1,0.75,223.26,0.00
104.22.42.16,4,1,0.75,223.28,0.00
104.27.29.51,4,1,0.75,223.32,0.00
172.65.68.66,4,1,0.75,223.37,0.00
172.65.148.116,4,1,0.75,223.39,0.00
172.67.132.178,4,1,0.75,223.41,0.00
104.20.109.229,4,1,0.75,223.43,0.00
104.20.198.220,4,1,0.75,223.43,0.00
104.21.217.46,4,1,0.75,223.51,0.00
172.65.6.229,4,1,0.75,223.64,0.00
104.20.207.29,4,1,0.75,223.81,0.00
104.21.99.28,4,1,0.75,223.81,0.00
104.25.149.108,4,1,0.75,223.84,0.00
172.65.150.113,4,1,0.75,223.89,0.00
104.21.204.252,4,1,0.75,223.99,0.00
104.25.57.101,4,1,0.75,224.05,0.00
104.24.180.204,4,1,0.75,224.20,0.00
172.67.117.1,4,1,0.75,224.25,0.00
172.67.53.34,4,1,0.75,224.33,0.00
104.27.117.31,4,1,0.75,224.35,0.00
104.25.128.186,4,1,0.75,224.45,0.00
104.24.73.112,4,1,0.75,224.57,0.00
104.24.157.156,4,1,0.75,224.65,0.00
104.20.52.220,4,1,0.75,224.80,0.00
104.27.33.208,4,1,0.75,225.04,0.00
104.24.154.46,4,1,0.75,225.06,0.00
104.25.135.227,4,1,0.75,225.07,0.00
172.67.122.167,4,1,0.75,225.08,0.00
104.22.36.114,4,1,0.75,225.26,0.00
104.24.43.143,4,1,0.75,225.39,0.00
104.20.201.118,4,1,0.75,225.50,0.00
172.65.147.125,4,1,0.75,225.57,0.00
172.67.127.174,4,1,0.75,225.65,0.00
104.21.100.211,4,1,0.75,225.70,0.00
104.25.244.224,4,1,0.75,225.75,0.00
104.25.144.104,4,1,0.75,225.75,0.00
104.24.141.57,4,1,0.75,225.78,0.00
104.21.36.212,4,1,0.75,225.93,0.00
104.20.25.156,4,1,0.75,226.02,0.00
104.24.182.124,4,1,0.75,226.12,0.00
104.27.75.48,4,1,0.75,226.16,0.00
104.27.72.245,4,1,0.75,226.16,0.00
104.25.143.163,4,1,0.75,226.26,0.00
104.25.85.216,4,1,0.75,226.26,0.00
104.24.42.242,4,1,0.75,226.32,0.00
104.25.178.168,4,1,0.75,226.33,0.00
104.24.151.189,4,1,0.75,226.52,0.00
104.27.7.162,4,1,0.75,226.64,0.00
104.20.91.114,4,1,0.75,226.65,0.00
104.27.93.146,4,1,0.75,226.67,0.00
104.27.96.191,4,1,0.75,226.67,0.00
172.67.115.219,4,1,0.75,226.70,0.00
104.24.47.69,4,1,0.75,226.73,0.00
104.24.41.66,4,1,0.75,226.74,0.00
104.20.193.157,4,1,0.75,226.75,0.00
172.67.52.180,4,1,0.75,226.77,0.00
104.21.121.98,4,1,0.75,226.80,0.00
172.67.136.68,4,1,0.75,226.94,0.00
104.27.200.161,4,1,0.75,226.96,0.00
104.24.65.4,4,1,0.75,227.08,0.00
104.24.67.138,4,1,0.75,227.08,0.00
172.65.170.45,4,1,0.75,227.14,0.00
104.21.46.120,4,1,0.75,227.17,0.00
104.25.129.54,4,1,0.75,227.31,0.00
104.25.140.25,4,1,0.75,227.32,0.00
104.25.141.2,4,1,0.75,227.32,0.00
104.25.147.177,4,1,0.75,227.34,0.00
104.25.156.168,4,1,0.75,227.35,0.00
104.24.166.135,4,1,0.75,227.43,0.00
104.24.163.213,4,1,0.75,227.43,0.00
104.27.84.158,4,1,0.75,227.43,0.00
104.27.41.196,4,1,0.75,227.51,0.00
104.24.55.180,4,1,0.75,227.55,0.00
104.25.136.202,4,1,0.75,227.80,0.00
104.25.138.29,4,1,0.75,227.80,0.00
172.67.124.148,4,1,0.75,227.89,0.00
104.25.3.240,4,1,0.75,227.99,0.00
104.20.216.233,4,1,0.75,228.04,0.00
104.20.215.140,4,1,0.75,228.04,0.00
104.27.102.197,4,1,0.75,228.08,0.00
104.26.6.96,4,1,0.75,228.12,0.00
104.27.192.17,4,1,0.75,228.29,0.00
104.20.211.240,4,1,0.75,228.52,0.00
104.20.213.7,4,1,0.75,228.55,0.00
104.22.39.10,4,1,0.75,228.60,0.00
104.22.44.2,4,1,0.75,228.91,0.00
104.25.169.66,4,1,0.75,229.05,0.00
104.27.108.125,4,1,0.75,229.28,0.00
104.22.10.189,4,1,0.75,229.29,0.00
104.27.118.210,4,1,0.75,229.32,0.00
104.24.170.17,4,1,0.75,229.43,0.00
104.27.124.72,4,1,0.75,229.55,0.00
104.24.190.135,4,1,0.75,229.60,0.00
104.27.12.82,4,1,0.75,229.66,0.00
104.25.131.118,4,1,0.75,229.73,0.00
104.25.56.206,4,1,0.75,229.80,0.00
104.27.119.160,4,1,0.75,229.82,0.00
172.65.64.18,4,1,0.75,229.91,0.00
104.20.30.170,4,1,0.75,229.99,0.00
172.65.104.120,4,1,0.75,230.00,0.00
104.24.60.245,4,1,0.75,230.15,0.00
104.27.31.155,4,1,0.75,230.26,0.00
104.25.154.67,4,1,0.75,230.43,0.00
104.20.111.51,4,1,0.75,230.48,0.00
104.20.32.116,4,1,0.75,230.68,0.00
104.25.137.112,4,1,0.75,230.76,0.00
104.26.15.131,4,1,0.75,230.99,0.00
172.65.179.128,4,1,0.75,231.02,0.00
104.22.41.68,4,1,0.75,231.08,0.00
104.24.144.15,4,1,0.75,231.16,0.00
104.21.201.109,4,1,0.75,231.20,0.00
104.20.117.204,4,1,0.75,231.21,0.00
104.21.28.58,4,1,0.75,231.21,0.00
104.20.123.97,4,1,0.75,231.31,0.00
104.21.214.253,4,1,0.75,231.46,0.00
104.27.126.55,4,1,0.75,231.63,0.00
104.20.22.80,4,1,0.75,231.95,0.00
104.25.132.66,4,1,0.75,232.11,0.00
104.20.19.129,4,1,0.75,232.12,0.00
104.25.92.185,4,1,0.75,232.19,0.00
104.20.38.210,4,1,0.75,232.24,0.00
104.24.61.25,4,1,0.75,232.35,0.00
104.24.181.4,4,1,0.75,232.38,0.00
172.65.77.180,4,1,0.75,232.40,0.00
104.20.110.128,4,1,0.75,232.57,0.00
104.20.199.197,4,1,0.75,232.57,0.00
104.26.14.137,4,1,0.75,232.64,0.00
104.24.236.173,4,1,0.75,232.95,0.00
104.24.243.133,4,1,0.75,233.08,0.00
104.20.159.206,4,1,0.75,233.23,0.00
104.25.238.139,4,1,0.75,233.27,0.00
104.20.34.145,4,1,0.75,233.38,0.00
104.27.197.93,4,1,0.75,233.70,0.00
104.25.145.50,4,1,0.75,233.74,0.00
104.25.148.167,4,1,0.75,233.78,0.00
172.67.125.114,4,1,0.75,233.86,0.00
104.20.195.110,4,1,0.75,233.94,0.00
104.27.39.168,4,1,0.75,234.04,0.00
104.22.32.131,4,1,0.75,234.13,0.00
104.27.23.30,4,1,0.75,234.19,0.00
104.21.209.50,4,1,0.75,234.27,0.00
104.21.126.219,4,1,0.75,234.27,0.00
104.26.3.228,4,1,0.75,234.29,0.00
172.65.76.117,4,1,0.75,234.43,0.00
104.25.241.14,4,1,0.75,235.03,0.00
104.25.60.118,4,1,0.75,235.03,0.00
104.20.112.57,4,1,0.75,235.14,0.00
104.24.59.79,4,1,0.75,235.33,0.00
104.20.202.243,4,1,0.75,235.37,0.00
104.20.101.250,4,1,0.75,235.47,0.00
104.25.61.177,4,1,0.75,235.54,0.00
104.20.59.21,4,1,0.75,235.97,0.00
104.24.14.162,4,1,0.75,235.97,0.00
104.24.10.11,4,1,0.75,235.97,0.00
104.24.9.41,4,1,0.75,235.97,0.00
104.24.11.102,4,1,0.75,235.97,0.00
104.27.113.30,4,1,0.75,236.05,0.00
104.24.146.98,4,1,0.75,236.61,0.00
104.26.2.47,4,1,0.75,236.78,0.00
104.20.221.172,4,1,0.75,236.80,0.00
104.20.118.66,4,1,0.75,236.94,0.00
104.20.92.172,4,1,0.75,237.28,0.00
104.25.239.123,4,1,0.75,237.40,0.00
104.25.62.38,4,1,0.75,237.40,0.00
104.27.202.20,4,1,0.75,237.55,0.00
104.22.37.236,4,1,0.75,237.79,0.00
104.25.51.250,4,1,0.75,237.82,0.00
104.24.242.15,4,1,0.75,237.84,0.00
104.20.37.56,4,1,0.75,237.85,0.00
104.27.127.177,4,1,0.75,238.24,0.00
104.22.34.105,4,1,0.75,238.40,0.00
104.21.205.239,4,1,0.75,238.46,0.00
104.25.76.78,4,1,0.75,238.80,0.00
104.25.252.24,4,1,0.75,238.99,0.00
104.20.65.168,4,1,0.75,239.29,0.00
104.24.145.198,4,1,0.75,239.59,0.00
104.25.134.237,4,1,0.75,240.04,0.00
104.24.140.207,4,1,0.75,240.09,0.00
104.24.70.219,4,1,0.75,240.27,0.00
104.20.189.180,4,1,0.75,240.83,0.00
172.67.57.182,4,1,0.75,241.11,0.00
104.24.155.19,4,1,0.75,241.64,0.00
104.20.188.86,4,1,0.75,241.75,0.00
104.24.136.80,4,1,0.75,242.06,0.00
104.20.162.97,4,1,0.75,242.13,0.00
104.25.153.201,4,1,0.75,243.13,0.00
104.27.201.70,4,1,0.75,243.38,0.00
104.21.218.167,4,1,0.75,243.46,0.00
104.24.147.40,4,1,0.75,244.19,0.00
104.25.152.157,4,1,0.75,248.32,0.00
104.27.70.243,4,1,0.75,248.87,0.00
104.24.142.158,4,1,0.75,249.03,0.00
172.65.149.251,4,1,0.75,250.20,0.00
104.22.11.181,4,1,0.75,251.35,0.00
104.20.96.31,4,1,0.75,252.22,0.00
